Mercury,Venus,Mars,Jupiter,Saturn,Uranus,Neptune,Earth_Moon
715.5848383403525,637.687331966502,1090.063431500047,3098.265496316184,5487.252661111066,9690.036454875255,15127.45803314701,1.347130376681148
716.5978558417095,634.8702800807545,1086.470074658662,3097.551660733662,5488.799624068046,9697.976264546136,15135.35718121262,1.34952549914095
717.3365398122205,632.0382168918209,1082.860050998977,3096.730272528647,5490.217584684473,9705.971610633287,15143.19326219988,1.347607185657495
717.7999983670911,629.1912253110494,1079.233748182729,3095.801443273895,5491.50639364435,9714.019841153666,15150.96420449121,1.341320737030675
717.9867686903541,626.3293997150909,1075.591543801424,3094.765346526942,5492.665954285245,9722.118249882325,15158.66784588724,1.330961364866687
717.8948007654515,623.452846593092,1071.933803296801,3093.621989258226,5493.696163110506,9730.264263401661,15166.30187127565,1.317173647530402
717.521438637147,620.5616850680983,1068.260876420405,3092.372014322607,5494.596985623269,9738.45528314604,15173.86396168655,1.300922188137559
716.8633985794517,617.6560464050691,1064.573091996766,3091.015102843689,5495.368384645491,9746.68868696713,15181.35200044369,1.283427134964062
715.9167437611369,614.7360714811931,1060.870751245563,3089.55229122846,5496.010298324932,9754.961937231492,15188.76412124631,1.266059501315404
714.6768555034403,611.8019052982017,1057.154120637475,3087.983826307795,5496.522654829014,9763.272475648677,15196.09854522843,1.250197853205737
713.1384020826396,608.8536881553939,1053.423426061514,3086.310080131512,5496.905378262778,9771.61785857501,15203.3533696396,1.237060744488644
711.2953071066777,605.8915441391093,1049.678850581793,3084.531074649058,5497.158372084068,9779.995614055557,15210.52651755229,1.227545071390407
709.14072036748,602.9155688403549,1045.920537754621,3082.646889917769,5497.281543841252,9788.403268757824,15217.61588768289,1.222110938702786
706.6669942077262,599.9258190432296,1042.148601135627,3080.658002484328,5497.274744383582,9796.838453105001,15224.61953407616,1.220748838134491
703.8656676472054,596.9223069016899,1038.363138674557,3078.563954118904,5497.137829948849,9805.29870777858,15231.53567524319,1.223041906486931
700.7274592553042,593.904999796469,1034.564249165097,3076.365586527616,5496.87069572236,9813.781571304979,15238.36251282949,1.228304125197412
697.2422689141755,590.873825339867,1030.752047607957,3074.062934650684,5496.473231174913,9822.28448142909,15245.09804299431,1.235751188208639
693.3991888164763,587.8286797924245,1026.926677253415,3071.656415545162,5495.945368358252,9830.804811996675,15251.74005689612,1.244655743144407
689.1865252342407,584.7694379101353,1023.088317489141,3069.14581217765,5495.28706521546,9839.339968636075,15258.28633591083,1.254451498631376
684.5918342646854,581.6959627322213,1019.237187847162,3066.531326296281,5494.498340145215,9847.88719852298,15264.73484845009,1.264771426151168
679.601976403585,578.6081145246626,1015.373548885211,3063.813419735875,5493.579294556694,9856.4437587123,15271.08375624209,1.275424368226709
674.2031962147769,575.505758609789,1011.497700675655,3060.991859722708,5492.530080551398,9865.00689487993,15277.33123617786,1.286327201916016
668.3812346221664,572.3887720140235,1007.609979420787,3058.067666021003,5491.350867906493,9873.573829860205,15283.4753156207,1.297415877041939
662.1214826158541,569.2570488467184,1003.710752562772,3055.041178210366,5490.041914931175,9882.141830828983,15289.51390356124,1.308559208157305
655.4091865535563,566.1105042538071,999.8004127685681,3051.913339253135,5488.603503937277,9890.708052035736,15295.44499545555,1.319495304802605
648.2297167326752,562.949076806828,995.8793712958036,3048.684196164614,5487.035990971494,9899.269727261566,15301.26684643799,1.329803157004184
640.5689123246037,559.7727293329559,991.9480513605776,3045.354484832208,5485.339763558194,9907.824118920691,15306.9779389681,1.338912990375255
632.4135167739249,556.5814484144886,988.0068821227813,3041.924949679485,5483.515239713531,9916.36844926445,15312.57678160402,1.346150927375285
623.7517179386454,553.3752429921211,984.0562937449924,3038.39583199086,5481.562918569729,9924.900023105794,15318.06174992721,1.350808234219703
614.5738060770594,550.1541426180908,980.0967137137337,3034.768375070223,5479.483379363836,9933.416117289971,15323.43113469653,1.352223738984804
604.8729597012394,546.9181958977404,976.1285643192505,3031.043236985409,5477.277234740598,9941.914134862149,15328.68334678843,1.349869182350298
594.6461636886834,543.667469552347,972.1522609390225,3027.221739857201,5474.945162019328,9950.391512708939,15333.81706421821,1.34342973943538
583.8952552379503,540.4020483681229,968.1682105886551,3023.304046497336,5472.487875547087,9958.845645376434,15338.83116769771,1.33287407738869
572.6280807639669,537.1220360864824,964.176810090686,3019.291178784119,5469.90614687582,9967.274049936374,15343.72453042048,1.31850890038435
560.8597305101421,533.8275570296042,960.1784431691204,3015.183888682036,5467.200821452322,9975.67423617686,15348.49588046008,1.301011475737768
548.6137980502581,530.5187579172824,956.1734758424855,3010.982645987998,5464.372726245047,9984.0438030495,15353.14387801786,1.281430447373016
535.9235905496496,527.195808906217,952.1622497548647,3006.688603217302,5461.422717330841,9992.3803806857,15357.66732632294,1.261141802127797
522.8331955489775,523.8589024529716,948.1450736858661,3002.302497681682,5458.351658832154,10000.68160521355,15362.06529290444,1.24174629738381
509.3982953135046,520.5082484116831,944.1222144910406,2997.82572442962,5455.160401150794,10008.94529934903,15366.33700857408,1.22490167236873
495.6866153576814,517.1440642302548,940.09388995153,2993.258345144955,5451.84975354898,10017.16927754622,15370.48163745483,1.21210149064791
481.7779038913426,513.7665605249176,936.0602668088721,2988.601377599496,5448.420461849426,10025.35139818267,15374.49814253685,1.204440321986378
467.763365438095,510.3759244441401,932.0214667041026,2983.855312738766,5444.873182927648,10033.48954001123,15378.38536970793,1.202428866884247
453.7445125862848,506.9723049722,927.9775804113656,2979.020602276598,5441.20858459182,10041.58153557036,15382.14224816313,1.205922259775023
439.8314487126361,503.5558042957549,923.9286875754697,2974.09804098053,5437.427291492258,10049.6252750298,15385.76788773851,1.214190075397168
426.1406434248142,500.1264772256233,919.874877067453,2969.088287012445,5433.529938251684,10057.61850087533,15389.26146813941,1.226102998914664
412.7923033241641,496.6843377037205,915.8162633856521,2963.99266722606,5429.517198966516,10065.55892997173,15392.62203817958,1.240371008136388
399.9074671177905,493.2293694352163,911.7529967647982,2958.81121678532,5425.38980270285,10073.44430559615,15395.84844377135,1.255762388562488
387.6049629386858,489.7615374655335,907.6852671587598,2953.545076844734,5421.148579193716,10081.27230693949,15398.93947338091,1.271256471294927
375.9983584705282,486.2807985529763,903.6133037487109,2948.194784263459,5416.794443362744,10089.04066832316,15401.89408538268,1.286114978607168
365.1930174887353,482.7871094859386,899.5373718902393,2942.761180022565,5412.328351576746,10096.74704205955,15404.7114949546,1.299880926669298
355.283358799382,479.2804334110643,895.457768939283,2937.245154389987,5407.751352336064,10104.38913096259,15407.39104197665,1.312325700595141
346.3504032863915,475.7607446317888,891.3748197484738,2931.647784514349,5403.064581121823,10111.96470461814,15409.93198600362,1.323367407549991
338.4596951765127,472.228032347818,887.2888721292148,2925.97072572453,5398.269222705572,10119.47145738322,15412.33344808574,1.33298151910542
331.659691495563,468.682303641033,883.200292325715,2920.214404534081,5393.366535570409,10126.90716913273,15414.59456454904,1.341120986381942
325.9807200757588,465.1235858311242,879.109460504956,2914.380314455443,5388.357771174926,10134.26961768449,15416.71469593255,1.347658468506578
321.4346000054001,461.5519282152655,875.0167663367431,2908.46922415455,5383.244235688047,10141.55667348479,15418.69347560677,1.352358281727434
318.0149901036236,457.967403198167,870.9226048225903,2902.482421723802,5378.027274891207,10148.76628872595,15420.53064798912,1.354880470259151
315.6984787948287,454.3701068927333,866.8273725609129,2896.420882643624,5372.708240006907,10155.89636484954,15422.22586401265,1.354814692115331
314.4463596528793,450.760159381845,862.7314645803139,2890.286047256528,5367.288486105812,10162.94494947743,15423.77864529636,1.351738156324695
314.2069653367491,447.1377049293536,858.6352717412642,2884.079760653931,5361.769413778505,10169.91011901421,15425.18855300231,1.345290026240299
314.9183755639144,443.5029124766981,854.5391785283934,2877.802773661248,5356.152441748177,10176.78999288871,15426.45538396976,1.335254265880963
316.5112853909735,439.85597673918,850.4435608640085,2871.456764807366,5350.439072725495,10183.58275694576,15427.57918875281,1.321643023090409
318.9118234743446,436.1971201060616,846.3487833996932,2865.042628140121,5344.630816440468,10190.28658506324,15428.56009096673,1.304772205799123
322.0441422337687,432.5265953243953,842.2551956265323,2858.561926241483,5338.72920056454,10196.8998340966,15429.39809402443,1.285318934909286
325.8326525940737,428.8446885677048,838.163126159098,2852.015561923345,5332.735806490871,10203.42088816286,15430.09307324205,1.264346721719422
330.203832831021,425.1517219328046,834.0728748261959,2845.40513559786,5326.652226096916,10209.84817243806,15430.64495756447,1.243279640435099
335.0875934913611,421.4480537459175,829.9847029183563,2838.73241022435,5320.48005385325,10216.18023638162,15431.05390426875,1.223805048453479
340.4182219542413,417.7340745937466,825.8988231874627,2831.998220986153,5314.22085823955,10222.4156375275,15431.32027397797,1.207691950663839
346.1349586073728,414.0101973029058,821.8153926860397,2825.204066265622,5307.876147329551,10228.55304988699,15431.44441658931,1.196535326066458
352.1822721151301,410.2768407407248,817.7345123685394,2818.350637929993,5301.44740251703,10234.59109070303,15431.4264739983,1.191474190047373
358.5099051160423,406.5344101281295,813.6562363295524,2811.43936386504,5294.936076635224,10240.52834735756,15431.26638865983,1.192965052216155
365.0727557268559,402.7832790598374,809.5805902570787,2804.470744964276,5288.343533250672,10246.36347211878,15430.96409890262,1.200693530031512
371.8306477613805,399.0237785917105,805.5075947073166,2797.446241034154,5281.671137061715,10252.09501800711,15430.5197143655,1.213660508972547
378.7480285746288,395.2561960010059,801.4372868566826,2790.367340176423,5274.920237675828,10257.72155390838,15429.9334946561,1.230408538233376
385.7936223609925,391.4807819454763,797.3697357630216,2783.234985801851,5268.092245076957,10263.24158217014,15429.20566527405,1.249305040931141
392.9400599194324,387.6977622535423,793.3050495468577,2776.050641687138,5261.188634110874,10268.65360319322,15428.33627946112,1.268797521116595
400.1635018063148,383.9073504502327,789.2433758868801,2768.815199561676,5254.210926794538,10273.95620291164,15427.32528703672,1.2875898022948
407.4432683890008,380.1097585328485,785.1848984959568,2761.530434884071,5247.160713254509,10279.14786826547,15426.17275458514,1.304727748760396
414.7614867217566,376.3052051397913,781.1298320169644,2754.197100663323,5240.039704525569,10284.22714937324,15424.87901909557,1.319608470764663
422.1027605847959,372.4939213497603,777.0784168960697,2746.817129478801,5232.849663521537,10289.19262686802,15423.44462294746,1.331936265057652
429.453866925062,368.6761548061698,773.0309149170333,2739.392302632109,5225.592436139284,10294.04291938278,15421.8701012258,1.341647786256948
436.8034795785775,364.8521728875546,768.98760548633,2731.924155537832,5218.269910789793,10298.77674340935,15420.1558446142,1.348824709787011
444.1419195524295,361.022265466495,764.9487824637292,2724.414404376661,5210.884019988736,10303.3927641535,15418.30218075366,1.353607992767508
451.4609301752966,357.1867475697088,760.9147512589079,2716.86432435377,5203.436786326653,10307.88978399675,15416.30958990474,1.356124690271937
458.7534749303924,353.3459620536748,756.8858259732075,2709.275995478053,5195.930250362941,10312.26667140354,15414.17882985559,1.35643572980867
466.0135556152288,349.5002822837673,752.862326479536,2701.65034638024,5188.366463104721,10316.52229400952,15411.91083969082,1.354510410340567
473.2360485021143,345.6501147644,748.8445754410757,2693.989549710019,5180.747494121483,10320.65561539991,15409.506520787,1.350230328968049
480.4165562968305,341.7959017053404,744.8328953255942,2686.295436281141,5173.075417175221,10324.66558547545,15406.966621159,1.343422092700518
487.5512738288949,337.9381235978103,740.8276054507315,2678.569887365792,5165.352307607381,10328.55130076427,15404.29184119302,1.333914988567234
494.6368654992398,334.0773019715433,736.8290189932633,2670.814617938812,5157.580248174973,10332.31191196014,15401.4830487651,1.321617135952752
501.6703525294857,330.2140025616335,732.8374397324798,2663.031100897213,5149.761260091128,10335.94657267331,15398.54137705599,1.306601503234233
508.6490079922726,326.3488390793843,728.8531581178562,2655.221490483753,5141.897405967822,10339.45459247345,15395.46810020207,1.289191013857495
515.5702574674834,322.4824775977321,724.8764461229083,2647.386771241312,5133.990751826038,10342.83530627103,15392.26441154582,1.270029022404503
522.4315830155649,318.6156411725614,720.9075503772234,2639.529161219918,5126.043365991105,10346.08816114643,15388.93132921467,1.250117327298526
529.2304281111647,314.7491137039646,716.9466834129034,2631.650387578499,5118.057305756148,10349.21262695351,15385.4698190236,1.230799679875073
535.9641014697261,310.8837413000722,712.9940136856121,2623.752486349049,5110.034599299144,10352.20816443663,15381.8809959604,1.213668230763923
542.6296786165058,307.0204289057909,709.0496563454387,2615.836952953831,5101.977250691716,10355.07437739499,15378.16618077188,1.20038020424834
549.2239016925001,303.160130357255,705.113668104126,2607.90522745875,5093.887269642339,10357.81082020954,15374.32673722556,1.19239841445688
555.7430798543055,299.3038319077892,701.1860499373311,2599.959220349695,5085.766593880049,10360.41705931856,15370.36384497853,1.190708854384475
562.1829934375562,295.4525323371419,697.2667596595035,2591.999735870455,5077.617136107335,10362.89264602532,15366.27843458938,1.1956011318407
568.5388035993816,291.6072252896811,693.3557327071373,2584.028748516707,5069.440822021331,10365.23707966275,15362.07135041756,1.206593367656382
574.8049657402822,287.7688893825268,689.4529058048175,2576.047729718399,5061.239583878983,10367.44991696238,15357.74357840984,1.222531628732263
580.9751417907346,283.9384885235957,685.5582371585809,2568.058801480648,5053.015416736134,10369.53058386186,15353.29631579803,1.241823246251378
587.0421056115724,280.1169808606141,681.6717190445784,2560.063355084715,5044.770320402145,10371.47850917845,15348.73082816565,1.262719409567744
592.9976374911018,276.3053323898915,677.7933822593717,2552.063083072423,5036.506322115254,10373.29316579631,15344.04826152872,1.283566310377078
598.832406464037,272.5045312882235,673.9232945389954,2544.060046004496,5028.225511163671,10374.97400150736,15339.2496206901,1.30297936582452
604.5358413782152,268.715600524865,670.0615558449836,2536.055445247913,5019.93002575855,10376.52055431863,15334.33594807779,1.319932351826772
610.0959928138749,264.9396079465654,666.2082928739985,2528.051552505369,5011.622023702572,10377.93232385933,15329.30852312285,1.333775728458242
615.4993884651897,261.1776741109616,662.3636541617615,2520.050163451114,5003.303728499337,10379.20891186119,15324.16887754682,1.344205350187219
620.7308849606504,257.4309786107137,658.5278062925,2512.053925899698,4994.977375311923,10380.35002026066,15318.91861011616,1.351200771026748
625.7735197001243,253.7007656899016,654.7009311709256,2504.064494343318,4986.645294504094,10381.35531669531,15313.55919239781,1.354947762926642
630.6083672981109,249.9883498149033,650.8832240330597,2496.084022601105,4978.309858820633,10382.2245698744,15308.09196561525,1.355755847997553
635.2144067064867,246.2951216530499,647.0748917795166,2488.114768433758,4969.973452951027,10382.95754757889,15302.51833098395,1.353979534304824
639.5684070602636,242.6225546966512,643.2761512393255,2480.158317775245,4961.638499479124,10383.55411356243,15296.83993400803,1.349951115482257
643.6448427332426,238.9722125792791,639.4872270667145,2472.217065256054,4953.307458148252,10384.01420674937,15291.05865023445,1.343932397811381
647.415850950442,235.3457569896876,635.7083491011266,2464.292957393435,4944.982804107161,10384.33773426029,15285.17638504601,1.336091619980255
650.8512484411906,231.7449560153037,631.9397491433753,2456.388887495301,4936.667033426476,10384.52476519016,15279.19489354065,1.326509561713353
653.9186267613112,228.1716927469203,628.1816571771084,2448.506537710492,4928.362597036351,10384.57541855526,15273.1158041792,1.315215364490385
656.5835486200797,224.6279740271805,624.4342970632975,2440.648235980838,4920.07192215788,10384.48988657823,15266.94081817718,1.3022483315967
658.8098691654266,221.1159392745012,620.6978816536764,2432.816134975776,4911.79744054082,10384.2684305109,15260.67187195816,1.287737497593574
660.5602058442931,217.6378692841623,616.9726071466858,2425.01193263115,4903.541503243875,10383.91129806999,15254.31108802059,1.27198641107291
661.7965771323474,214.196194717567,613.2586464324944,2417.237812056023,4895.306419397664,10383.41889201198,15247.86055727229,1.25554642162246
662.4812230525359,210.7935035859616,609.556141268843,2409.495589529679,4887.094424206005,10382.79160421392,15241.32217005444,1.239258014659566
662.5776081343612,207.432546450108,605.8651935406474,2401.788050966518,4878.907709415752,10382.02983676331,15234.69765999074,1.224237712435918
662.0515900771765,204.1162375014268,602.1858566672249,2394.116641916023,4870.748443875216,10381.13406745245,15227.98880305448,1.211791113949816
660.8727156821442,200.8476496107869,598.518129291558,2386.483568027695,4862.618754245096,10380.10474894313,15221.19755178375,1.20324571526555
659.0155817184302,197.6300023940222,594.8619541729497,2378.890631488622,4854.520695973504,10378.94241181992,15214.32595449457,1.199723002589873
656.4611755886583,194.4666445572533,591.2172248397959,2371.339470347303,4846.456349003424,10377.64749232336,15207.37593656643,1.201901813973541
653.1980930188295,191.3610344745748,587.5838004823759,2363.831929907916,4838.427782213086,10376.22037482319,15200.34917152499,1.209845843026164
649.2235219211984,188.3167243874356,583.9615264138409,2356.36972093219,4830.437115546207,10374.66147778553,15193.24718324299,1.222956990558119
644.5438873559972,185.3373524069598,580.3502550628507,2348.955596835307,4822.486505416359,10372.97111951986,15186.07158732172,1.24007120007696
639.1750751227142,182.4266431117247,576.7498625180572,2341.591055850897,4814.578131709109,10371.14964646274,15178.82423853433,1.259659620960063
633.1421904320777,179.5884140913398,573.1602579723816,2334.278527659594,4806.714252844657,10369.19736118225,15171.50714971901,1.280067797066878
626.4788578199548,176.8265841714669,569.5813863096845,2327.019934170358,4798.897183338222,10367.11460898251,15164.12228183586,1.29973071152217
619.2261194254736,174.1451795047477,566.0132259323562,2319.817363790963,4791.129237916971,10364.90185402985,15156.67143436577,1.317328334562083
611.4310306681423,171.5483352138552,562.4557843252197,2312.672806627165,4783.412739369323,10362.559507781,15149.15635551414,1.331874076087797
603.1450776033411,169.0402917520319,558.9090932976551,2305.588310558731,4775.750001356285,10360.08807359704,15141.57895911853,1.342745524665775
594.4225458215479,166.625386101894,555.3732050141186,2298.566856278638,4768.143331947124,10357.4880899988,15133.94142151517,1.349672422013209
585.3189584147552,164.3080383627741,551.8481892142271,2291.61019981373,4760.595076839199,10354.76013912076,15126.24605532522,1.352695540984813
575.8896754001715,162.0927343685827,548.3341315501979,2284.72099540842,4753.107532476853,10351.90488479631,15118.49508867283,1.352106624815673
566.1887156425313,159.9840049037328,544.8311326966083,2277.901217614666,4745.683019214107,10348.92293721668,15110.69057693716,1.34837660781299
556.2678309039666,157.9864019390644,541.3393077491484,2271.153233785563,4738.323880061224,10345.81504402553,15102.83453725702,1.342078078474252
546.1758346682029,156.1044721299513,537.8587853822855,2264.478971350398,4731.032477225152,10342.58202314523,15094.92916440432,1.333808357249535
535.958168236403,154.3427276235151,534.3897062687812,2257.880608884644,4723.811179326327,10339.22472011344,15086.97690201336,1.32412093558868
525.6566738081352,152.7056140426856,530.9322203781735,2251.361095909735,4716.662347782006,10335.74408714921,15078.98029247822,1.313474212558891
515.3095380727142,151.1974754053569,527.4864829549621,2244.922271852589,4709.588302013428,10332.14107399991,15070.94175780737,1.302206193912539
504.9513687960915,149.8225157541951,524.0526491896013,2238.566770906198,4702.591389464477,10328.41677019955,15062.86353351637,1.290541146861439
494.6133693672955,148.5847574397225,520.6308677746061,2232.296414764919,4695.673901931159,10324.57229146702,15054.74781772162,1.278628998180901
484.3235807669718,147.4879962741051,517.2212736327676,2226.113571027965,4688.838066416085,10320.60873527363,15046.59697193648,1.266611355032362
474.1071657259865,146.5357540557557,513.823980113167,2220.019811121035,4682.086048265332,10316.5273124669,15038.41355558475,1.254700896771775
463.9867150854946,145.7312291519923,510.4390709415479,2214.017103922559,4675.419916808467,10312.32922681919,15030.20014738901,1.243255099685474
453.9825610362564,145.0772458944871,507.0665923035229,2208.107949019618,4668.841680676914,10308.0157650983,15021.95912841748,1.232822177713654
444.1130858265572,144.5762036102494,503.7065457382192,2202.293897372368,4662.353252591395,10303.58819691171,15013.69264093402,1.224138160655348
434.395017801365,144.2300264372438,500.3588830207137,2196.577136160781,4655.956425243715,10299.04774860535,15005.40275672055,1.218061003437133
424.8437095760052,144.0401159184973,497.0235046962558,2190.959011069197,4649.652932949716,10294.3957285318,14997.0916730386,1.215442111008391
415.4733960314935,144.0073097155155,493.7002639611742,2185.441594560433,4643.44449436586,10289.6333426737,14988.76173086873,1.21695659272856
406.2974325857944,144.1318510653718,490.3889767290487,2180.025969532222,4637.332796032805,10284.76176781804,14980.41523939241,1.222934239195989
397.3285162856898,144.4133738033213,487.0894369796811,2174.71388966432,4631.319565087712,10279.78213204076,14972.05429852886,1.233242004307818
388.5788929179581,144.8509061064651,483.8014345958853,2169.507534768009,4625.406516511498,10274.69552087771,14963.68081731028,1.24725650913893
380.0605523020608,145.4428929138061,480.5247719636299,2164.408505534527,4619.595436658164,10269.50309984203,14955.29672593735,1.263934695764781
371.7854118807036,146.1872337138951,477.2592762554803,2159.418958871285,4613.888177271382,10264.20595106066,14946.90417718638,1.281958058883733
363.7654868549727,147.0813305920954,474.0048061003932,2154.54033060228,4608.286611543897,10258.8052097214,14938.50554233783,1.299907850569043
356.0130442113453,148.1221415523608,470.7612531972167,2149.774932033951,4602.792622242982,10253.30207995379,14930.10321503531,1.316430728176563
348.5407380320962,149.30623549049,467.5285405270558,2145.12391347105,4597.408117491539,10247.69776584395,14921.69943190496,1.330369288493938
341.3617239369612,150.6298467785077,464.3066190097521,2140.589235344802,4592.134987744524,10241.99355725107,14913.29629664053,1.340848673205055
334.4897508734118,152.0889285789142,461.0954640560838,2136.173023273351,4586.975139598136,10236.1906962502,14904.89598104129,1.347321849515094
327.939228551485,153.679204610653,457.8950728874368,2131.877053946939,4581.9304214596,10230.29051900131,14896.5008906181,1.349580894487595
321.7252686533259,155.3962192878035,454.7054629717716,2127.703367150169,4577.002611536052,10224.29444800749,14888.11361995252,1.347741596417205
315.8636976871512,157.2353861407677,451.5266715319524,2123.653311644493,4572.193475147983,10218.2038875373,14879.73674112041,1.34220658176873
310.3710391457147,159.1920343288056,448.358755798862,2119.729088214875,4567.504717095896,10212.02035385851,14871.37264302126,1.333610064671189
305.2644625703094,161.2614529021084,445.2017934668355,2115.931571715421,4562.938007174599,10205.74537589324,14863.02358638028,1.322746513126347
300.5616972688278,163.4389322701423,442.0558826499819,2112.262520125693,4558.494963619374,10199.38059058308,14854.6919156681,1.310486696612495
296.280908828042,165.7198020891863,438.9211405669816,2108.723614759208,4554.177152962153,10192.92769910745,14846.38020471519,1.297687710092021
292.440537252927,168.099464553368,435.797700262635,2105.31646168606,4549.986121473598,10186.3883639396,14838.09118060393,1.285107748631007
289.0590966672831,170.573421974314,432.6857049583133,2102.042641237856,4545.923396069615,10179.76437955408,14829.8274981966,1.273339721024009
286.1549381684011,173.1372976912071,429.5853000924463,2098.903144861754,4541.990395421207,10173.05756037478,14821.59159075,1.262777795265471
283.7459797498285,175.7868498169239,426.4966236471101,2095.899739987074,4538.18849516763,10166.26977663441,14813.38574089045,1.253625912816456
281.8494101193118,178.5179780017645,423.4197957739385,2093.032776274561,4534.518976722455,10159.40293760258,14805.21228650918,1.245947532416451
280.4813764043454,181.3267240640423,420.3549088872135,2090.303497622976,4530.98306075968,10152.45891855524,14797.07373565099,1.239744216073404
279.6566686001497,184.2092677793637,417.3020192784766,2087.712846671999,4527.58189096073,10145.43970845005,14788.97266020744,1.235041307520637
279.3884155990717,187.1619192684041,414.2611410636646,2085.26196727073,4524.316494325954,10138.34723292679,14780.91146999,1.231955301840946
279.6878083619633,190.1811093913362,411.2322430744879,2082.951703651712,4521.187811512355,10131.18337206436,14772.89229609328,1.230720925263238
280.5638651421879,193.2633795385595,408.2152492162085,2080.78250227889,4518.196740294313,10123.95000416755,14764.91710305605,1.231665793211207
282.0232517338066,196.4053722975099,405.2100427253309,2078.755529043672,4515.344092669393,10116.64892791022,14756.98791598891,1.235134777437462
284.070166597088,199.6038245598768,402.2164744607019,2076.870616213261,4512.630630626139,10109.28198201115,14749.10693408714,1.241381617786159
286.7062964641333,202.8555644365128,399.2343747185671,2075.128557522924,4510.057072775716,10101.85090513035,14741.27642345716,1.250457154542351
289.9308427357616,206.1575126474685,396.263567205296,2073.529775005856,4507.624107166725,10094.35741688666,14733.49851415423,1.26212671287361
293.7406130419465,209.5066879342082,393.3038831257621,2072.075256298915,4505.332477979492,10086.8033033813,14725.77512632331,1.275841027814929
298.1301666043846,212.900214932456,390.3551732677358,2070.76550441589,4503.18291594378,10079.19029905697,14718.10811584935,1.290768369456922
303.0919976021474,216.3353323663538,387.4173165963549,2069.600887494601,4501.176158808023,10071.52019701304,14710.49949898014,1.305877641695695
308.6167384094969,219.809399612946,384.4902249235944,2068.582390411139,4499.312957103963,10063.79475493506,14702.95153042201,1.320050797087407
314.6933644797749,223.3199004528025,381.5738442051812,2067.709780292344,4497.594069945484,10056.01577507131,14695.46655716336,1.332201066095904
321.3093842879302,226.8644437474024,378.6681535972742,2066.9837126272,4496.020250627229,10048.18516006179,14688.0468002377,1.341379033275677
328.4510003558588,230.4407615105339,375.7731635161321,2066.404337658531,4494.592245806094,10040.30476057517,14680.69428836315,1.346856764717606
336.1032303127299,234.0467052307156,372.8889137291152,2065.972578226517,4493.310718536494,10032.37652186872,14673.41100935243,1.348187020743752
344.2499797838422,237.6802413993868,370.0154721535276,2065.688587593142,4492.176334293135,10024.40242743528,14666.19911804025,1.345238306062656
352.8740614752979,241.3394471192308,367.1529346778826,2065.552549008997,4491.189713174456,10016.38452195213,14659.06098210334,1.338207217822499
361.9571570814423,245.0225065006794,364.3014259897303,2065.565033532045,4490.351406686783,10008.32493095113,14651.99901542733,1.327608293673929
371.4797206066555,248.7277083359282,361.4611010800628,2065.725512984234,4489.661895053331,10000.22572558039,14645.0154702851,1.314239677923974
381.4208234161284,252.4534452491743,358.6321467725035,2066.034176330651,4489.121556990076,9992.089096856713,14638.11240133613,1.299121852254264
391.7579428988536,256.1982141187135,355.8147823120209,2066.490603894241,4488.730694143375,9983.917277208746,14631.29183612778,1.283407909560331
402.4666981892369,259.9606170441319,353.0092578369446,2067.095296988691,4488.489540033392,9975.712512850261,14624.5559696444,1.268268609196088
413.5205382134378,263.7393615831825,350.2158496223483,2067.847732082929,4488.39819989799,9967.477133464074,14617.90717379168,1.254763800905011
424.8903898160948,267.5332586357508,347.4348514974527,2068.74756875886,4488.45667340933,9959.213455207133,14611.34780119797,1.243721438178205
436.5442773929002,271.3412164981509,344.6665628227627,2069.794592631042,4488.664892397329,9950.923918348955,14604.87997461945,1.235651331951489
448.4469306982227,275.1622304007538,341.9112745814967,2070.987663616356,4489.022678710538,9942.610956461487,14598.50556610814,1.230717442333874
460.5594042863664,278.9953680729679,339.1692559647873,2072.326149554874,4489.529803480346,9934.276947954246,14592.22637475775,1.228777968465615
472.8387397646242,282.8397530152646,336.4407438564704,2073.808800722465,4490.185921097995,9925.924313011667,14586.04430761906,1.229481616599815
485.2377096277622,286.6945476638705,333.7259368312904,2075.435450267762,4490.990617246035,9917.555387797584,14579.9613700579,1.232390772702513
497.7046877090803,290.5589383624727,331.0249941200564,2077.204804463145,4491.943449262068,9909.172516195737,14573.9794739344,1.237095867034611
510.1836950062133,294.4321233115236,328.3380390374228,2079.116016748946,4493.043941334347,9900.777956585955,14568.10026675361,1.243291466306535
522.6146694319574,298.3133039162963,325.6651659096117,2081.168236905749,4494.291563986126,9892.37389220585,14562.3251666957,1.250799046118881
534.9340022043251,302.2016794923738,323.0064495009545,2083.360047125768,4495.685778597882,9883.962570241756,14556.65557838106,1.259537648498719
547.0753703489894,306.0964451143789,320.3619560475981,2085.690406806269,4497.225995223738,9875.54614990703,14551.09307771723,1.26945694724136
558.9708729612853,309.9967923334273,317.7317550471574,2088.157791347795,4498.911640930257,9867.126791891873,14545.63938725895,1.280455121189226
570.5524487968498,313.9019123677297,315.1159308900037,2090.761899720561,4500.742115353877,9858.70662802933,14540.29617946695,1.292305433386714
581.7535170635692,317.8110011434514,312.51459337099,2093.501256077613,4502.716751704997,9850.287771255824,14535.0649223782,1.30461081032067
592.5107471384708,321.7232653224552,309.9278862387239,2096.375009328427,4504.834873196696,9841.872416132775,14529.94693539316,1.316796740268913
602.7658333636277,325.6379283457559,307.3559932767868,2099.382085393211,4507.095781614606,9833.46267377236,14524.94360219165,1.328142531705138
612.4671353570735,329.5542356339623,304.7991418850197,2102.521109986942,4509.498766797558,9825.06070879211,14520.05652159998,1.337842718971533
621.5710477227485,333.47145839219,302.2576045801843,2105.790795104533,4512.043103880656,9816.66874771144,14515.28743955237,1.345086266894533
630.042987033832,337.3888958565001,299.7316991288799,2109.189431698004,4514.728023588784,9808.28902790723,14510.63803045427,1.349141286718305
637.8579250402418,341.3058761733574,297.2217881123773,2112.716506363746,4517.552732968864,9799.923873641706,14506.10975139957,1.349435707908359
645.0004476236936,345.2217563548056,294.7282786344759,2116.370278166313,4520.516459915469,9791.575558673778,14501.70391686916,1.345627718459663
651.4643694991208,349.1359218926474,292.2516226844709,2120.149720210832,4523.6183605754,9783.246440932287,14497.42191300866,1.337662178610709
657.2519761667581,353.0477866710676,289.7923184081963,2124.053363701879,4526.857569896662,9774.938932663097,14493.26532629942,1.325809816624237
662.3729912745915,356.9567938109392,287.3509122322325,2128.079719629468,4530.233158284425,9766.655403130782,14489.23585064501,1.310684782246717
666.843377493419,360.8624179976895,284.9280014093532,2132.227088336875,4533.744151809731,9758.398301110714,14485.33506705866,1.293233699402514
670.6840740286895,364.7641696269538,282.5242360927626,2136.493467989606,4537.389531626214,9750.170062856287,14481.56432092106,1.274687152443281
673.9197581143729,368.6616006540035,280.1403195593927,2140.877961951438,4541.168183117437,9741.973222192399,14477.92481899537,1.256464969945873
676.5776961176063,372.554311297463,277.7770048872573,2145.378455796487,4545.078856808675,9733.81035978816,14474.41783713948,1.240032825592892
678.68672660956,376.441955837353,275.4350866017022,2149.993557478233,4549.120219437039,9725.684004966855,14471.04481199242,1.226721624665683
680.276396263679,380.3242450656452,273.1153868842051,2154.721207351654,4553.290803017585,9717.596780370057,14467.8072071147,1.217540622350273
681.3762519961123,384.20094310508,270.8187378418268,2159.559558878706,4557.589031385739,9709.55126600687,14464.70627762318,1.213031051768226
682.0152806520587,388.0718576847781,268.5459633101681,2164.506232008918,4562.013224690686,9701.550022770523,14461.74296350238,1.213206191485663
682.2214809255304,391.9368251457847,266.2978644950097,2169.558703830835,4566.561593862353,9693.595551814247,14458.91801297785,1.217599774378813
682.0215499729995,395.7956932867413,264.0752127169836,2174.715456629294,4571.232349107183,9685.690234948308,14456.23220392715,1.225406755387392
681.4406674286273,399.6483055870274,261.8787501295412,2179.973939370466,4576.023686821683,9677.836494749043,14453.68643716743,1.235669541140591
680.5023605491539,403.4944892852362,259.7091969389411,2185.332415336668,4580.933791502483,9670.03664148439,14451.28161360103,1.247454679304265
679.2284352579062,407.3340481057717,257.5672624898662,2190.788469137306,4585.96085888072,9662.29292255867,14449.01843622557,1.259979157469429
677.6389589795702,411.1667590855786,255.4536577179407,2196.340279672085,4591.103110919147,9654.60757016866,14446.89735672106,1.272669330089033
675.7522826156589,414.9923723788534,253.3691073056407,2201.985334551047,4596.358791272316,9646.982741248481,14444.91873656327,1.285156588729971
673.5850908445552,418.8106129720751,251.3143607381092,2207.721259177443,4601.726200841889,9639.420634209553,14443.08306715534,1.297226658867493
671.1524719506074,422.6211835701005,249.2902019915041,2213.546570699692,4607.203596482249,9631.923342120663,14441.39103065293,1.308744255336285
668.468000338166,426.4237682258424,247.2974577794699,2219.458981722134,4612.789255186604,9624.492940890763,14439.84334506983,1.319574290850299
665.5438265751812,430.218036451285,245.337004280887,2225.456964742164,4618.481455012724,9617.131564990272,14438.44055933646,1.329517069554716
662.3907711494643,434.0036475698473,243.4097722401496,2231.538228329962,4624.278451007205,9609.841301570434,14437.18301281151,1.338269270989793
659.0184191171213,437.7802550235389,241.5167503730391,2237.701259942365,4630.178467837338,9602.624300435547,14436.07100216248,1.345416114349364
655.4352135473414,441.5475103172801,239.6589871457379,2243.943571417147,4636.179677367725,9595.48267069282,14435.10498088256,1.350454052227283
651.6485462128384,445.3050663205705,237.8375911755831,2250.262948770032,4642.280199929955,9588.418561036626,14434.28558262459,1.352838786600492
647.6648444202492,449.0525797617848,236.0537306593976,2256.657793217576,4648.478168510987,9581.434192792549,14433.6134408959,1.352050960492498
643.4896532688771,452.7897129177194,234.3086323120777,2263.12590233886,4654.771681411483,9574.53170160033,14433.08898921541,1.347671435238983
639.1277129912643,456.516134686218,232.6035802694477,2269.665665040567,4661.158799007528,9567.713274283024,14432.71244540132,1.339458822006165
634.5830313758532,460.2315214083587,230.9399152746741,2276.27465904496,4667.637585509959,9560.981084965462,14432.4839936228,1.327422776199577
629.858951616411,463.9355579675581,229.3190342301155,2282.951371515268,4674.206068290843,9554.337336765779,14432.40397223548,1.31188642070902
624.9582163023168,467.6279398234468,227.7423898468038,2289.693101661084,4680.862293203045,9547.78428130255,14432.4728700239,1.293529448905806
619.8830286841985,471.3083766962482,226.2114896461095,2296.497576782679,4687.60426096085,9541.32409336869,14432.69113095406,1.273400002489758
614.6351128062903,474.9765985004844,224.7278929877912,2303.362868953852,4694.429906477534,9534.959045726067,14433.05896489679,1.252879634873599
609.2157744696249,478.6323636689897,223.2932042730407,2310.286720904979,4701.337120229039,9528.691413930848,14433.57635231422,1.233584857533686
603.6259649966942,482.2754690604253,221.9090603800532,2317.267260169989,4708.323748707118,9522.523441392192,14434.24322682857,1.217196219882748
597.8663490272936,485.9057592901565,220.5771112861286,2324.301822422107,4715.38753134111,9516.457377182765,14435.05963186614,1.205226338697208
591.9373759284691,489.5231321521195,219.2989950452428,2331.388712309806,4722.526138258113,9510.495364670129,14436.02567380849,1.198769678481103
585.8393523974635,493.1275368388246,218.0763112506723,2338.524902045608,4729.737110975755,9504.639574448562,14437.1413070475,1.198304149977756
579.5725128118578,496.7189636314765,216.9105990864892,2345.707936156954,4737.017947048691,9498.89206759061,14438.40616599131,1.203614399441737
573.1370850302272,500.2974269741691,215.8033252569271,2352.935474902797,4744.366122678208,9493.254770263027,14439.81961757826,1.213867644353806
566.5333523854895,503.8629464033418,214.7558834791421,2360.205237231075,4751.779075742317,9487.729582150192,14441.38098695743,1.227813480226194
559.761715725017,507.4155300380553,213.7696030497368,2367.515193333191,4759.254260477631,9482.318272551769,14443.08973598593,1.244036212971599
552.8227608065789,510.9551634276683,212.8457617336782,2374.862733283302,4766.789179988806,9477.022591188235,14444.94542705121,1.261184574697715
545.7173359321573,514.4818040781832,211.9855985541662,2382.246330163342,4774.38139079581,9471.844171864303,14446.94752794851,1.278131044814683
538.4466434070503,517.9953803338914,211.1903238778242,2389.663160206369,4782.028528839013,9466.78455556045,14449.09527567882,1.29404754472304
531.0123473329509,521.4957928314533,210.4611260484859,2397.111125977354,4789.728265451156,9461.845327959321,14451.3877522027,1.308408602449567
523.4166998532254,524.9829170710351,209.7991749670661,2404.588023886889,4797.478289169745,9457.027975614847,14453.82410070294,1.320943520583079
515.6626882087457,528.45660623373,209.2056234058418,2412.092047652382,4805.276375292519,9452.333987801137,14456.40366230515,1.331560036748797
507.7542055828487,531.9166938822968,208.6816067651684,2419.621383821411,4813.120308673952,9447.764819309423,14459.12589313253,1.340258826121865
499.6962494897258,535.3629964949012,208.2282417220992,2427.173781765718,4821.007909054909,9443.32190858035,14461.99014836374,1.347054156862304
491.4951522484914,538.795315904787,207.8466239764014,2434.747985977024,4828.936989112542,9439.006765334327,14464.99555628469,1.35191210057377
483.15884880594,542.2134417093946,207.5378251612931,2442.341449513011,4836.905353011319,9434.82078723344,14468.14111190373,1.354713881917383
474.6971877772949,545.617153638526,207.3028889714625,2449.952355429663,4844.910813863914,9430.765387415198,14471.42589062359,1.355248071101329
466.1222920257826,549.0062237951524,207.1428266366512,2457.578519686902,4852.951181338408,9426.841982942402,14474.84915811019,1.353231545410766
457.4489753403301,552.3804186502628,207.0586119740996,2465.218434877178,4861.024186254851,9423.051951177613,14478.41025935791,1.348355904770157
448.695221690624,555.7395007085381,207.0511763211771,2472.87029255779,4869.127550160437,9419.396706192474,14482.10839960386,1.340353705300534
439.8827329556417,559.0832298678313,207.1214036286666,2480.532011856085,4877.258957166267,9415.877565759622,14485.94254088104,1.329077488160111
431.0375496413887,562.4113646625104,207.2701258556391,2488.202333416012,4885.41608434951,9412.495903051251,14489.91151888621,1.314583644826582
422.1907464947189,565.7236637922086,207.4981185372997,2495.87878472681,4893.596607467076,9409.253108710225,14494.01425515226,1.297211811435727
413.3792004860131,569.0198885656968,207.8060960025733,2503.559550318682,4901.798150880315,9406.150493696516,14498.24984072942,1.277647827329377
404.6464215738853,572.2998070724159,208.1947052395593,2511.242221804846,4910.018337888084,9403.189395952526,14502.61739875445,1.256953999943024
396.0434259243836,575.5632008971418,208.664516979132,2518.925301717872,4918.254794364531,9400.371068958306,14507.11586134797,1.236545698641031
387.6296154808218,578.8098747892853,209.2160124981685,2526.606707644119,4926.505105267371,9397.696789927682,14511.74388150169,1.218092084899707
379.4736053956037,582.0396686493232,209.8495654192139,2534.284276463327,4934.766811140769,9395.167790076444,14516.49995898115,1.20332796744546
371.653910543834,585.2524695312821,210.565419798059,2541.956447101511,4943.037411350818,9392.785158011402,14521.38263558397,1.193789817761271
364.2593643926351,588.4482197734632,211.3636687128337,2549.620639632089,4951.3143506862,9390.549984070864,14526.39054625175,1.190529109785001
357.3891016677521,591.626917204469,212.2442398013467,2557.274856443151,4959.595110157914,9388.463224140582,14531.52226675087,1.193889869724515
351.1518992846965,594.7886056244377,213.2068935487262,2564.916439842798,4967.877136829238,9386.525741303829,14536.77611837946,1.203433918780488
345.6646510872851,597.9333576452138,214.2512359687821,2572.543950464406,4976.157894281763,9384.738265113707,14542.15014228498,1.218044803774849
341.0497666123705,601.0612549965721,215.376741959986,2580.155266971956,4984.434886281268,9383.101350536626,14547.64228739596,1.236168300103887
337.4313483886286,604.1723715849203,216.5827825465858,2587.74853815304,4992.705664749997,9381.615555899332,14553.25063718255,1.256101537862478
334.9301297399941,607.2667622947818,217.8686498663794,2595.322382754735,5000.967830771532,9380.281296557361,14558.97346072244,1.276246845717159
333.6573488809152,610.3444577227202,219.2335766925668,2602.874750575061,5009.219034993794,9379.098916263283,14564.80905156954,1.295283418618019
333.7079756842414,613.4054632895374,220.6767501763804,2610.404057202205,5017.456932046387,9378.068737818488,14570.75553302112,1.312249119785992
335.1539443741809,616.4497607617803,222.1973211282232,2617.908006809158,5025.679264581999,9377.191017146246,14576.81083739942,1.326548323193925
338.0382040750261,619.4773106095149,223.7944105354392,2625.385636743363,5033.883836299868,9376.466063873579,14582.97288300769,1.33790901070212
342.3704072495042,622.4880542588666,225.4671146900591,2632.83509969807,5042.068480108004,9375.894075936189,14589.23976438156,1.346310376517431
348.1248792993925,625.4819158441416,227.2145097601882,2640.254979323809,5050.231084965852,9375.475224061447,14595.60975718816,1.351897491580322
355.2411799907675,628.4588034289908,229.0356561508206,2647.644008870148,5058.369555240914,9375.209705124204,14602.08113101396,1.354895523962525
363.6271662844641,631.4186098600093,230.9296026598613,2655.000523976079,5066.481854519381,9375.097626761277,14608.65196268209,1.355533392316553
373.1641060839169,634.3612134789365,232.8953902553229,2662.323072313588,5074.56598827622,9375.139115776345,14615.32014200835,1.353985019699397
383.7131584887549,637.2864788904208,234.9320552601906,2669.609473555944,5082.619954280136,9375.3342078999,14622.08356222145,1.350334686038492
395.1224600885796,640.1942578996678,237.0386317939399,2676.85891232928,5090.641745789431,9375.682949076017,14628.94029515876,1.344570723352109
407.2341181713248,643.0843906399879,239.2141534290848,2684.069587331373,5098.62938587981,9376.185429811232,14635.88856677396,1.336608825505127
419.8905607200583,645.9567068472633,241.4576541121259,2691.240294940977,5106.58086098462,9376.841628815748,14642.92655540607,1.326342860453897
432.9398769037245,648.8110272442902,243.7681684109158,2698.369694378378,5114.494166581137,9377.651548735315,14650.05221853089,1.313717728365152
446.2399606179524,651.6471650954594,246.1447310482642,2705.45637121092,5122.367225371425,9378.615132473122,14657.26332373251,1.298815723380264
459.6614205687748,654.4649281826612,248.5863754633542,2712.498839520416,5130.197921934019,9379.73230554163,14664.55764674257,1.281944796627216
473.0893339440707,657.2641217088202,251.092130852754,2719.494929250147,5137.984135749968,9381.002978602291,14671.93312527144,1.263713534537529
486.4239958046978,660.0445528808128,253.6610168914567,2726.44375496714,5145.72371732694,9382.42691617342,14679.38780142472,1.24507332373013
499.5808564472108,662.8060380049934,256.292035326266,2733.343399476832,5153.414475892623,9384.003920718322,14686.91960373413,1.22730428130288
512.4898500141501,665.548412599106,258.9841581683278,2740.192631686455,5161.054211615764,9385.733730512891,14694.52618439813,1.211922007308359
525.0943065659701,668.271544028348,261.736313551032,2746.989798898347,5168.640695605392,9387.61599187767,14702.20497052478,1.200493683310725
537.3496140782527,670.9753445278798,264.5473723311668,2753.733504635839,5176.171730503779,9389.65028434552,14709.95336770167,1.194379904729369
549.2217637161639,673.6597808547099,267.4161402464626,2760.422014107231,5183.645142079515,9391.83600516374,14717.76890185751,1.194458268714085
560.685878000005,676.3248765338051,270.341360294341,2767.053084468072,5191.058750354667,9394.17251514108,14725.64915620034,1.200914712347467
571.7247921352654,678.9707047038393,273.3217269997909,2773.625700409157,5198.410467920559,9396.65900280259,14733.59158111654,1.213180550918022
582.3277357691119,681.5973732143979,276.3559096062968,2780.138000552522,5205.698282402263,9399.294489047026,14741.59339218243,1.230039884989089
592.4891446053443,684.2050065701499,279.4425779109903,2786.588992937405,5212.920276714149,9402.07795953104,14749.65168404868,1.249863740225678
602.2076165943663,686.7937296934563,282.5804245343936,2792.9771713377,5220.07460505489,9405.008284648888,14757.76366239739,1.27088776761857
611.4850150632655,689.3636565382529,285.7681802054806,2799.301707729938,5227.159461806757,9408.084355810652,14765.92677045511,1.291456864223278
620.3257117809061,691.9148840595959,289.0046218719588,2805.561231635509,5234.173080771466,9411.304980654946,14774.13858922213,1.310194889583319
628.7359571256897,694.4474903517456,292.2885754293098,2811.754069277983,5241.113771420992,9414.668909222155,14782.39662021937,1.326092887257668
636.7233619073315,696.9615352329438,295.6189153520185,2817.879548861185,5247.97982337745,9418.174957032683,14790.69817610425,1.33852977533495
644.2964750362094,699.4570617789017,298.9945630910055,2823.936277739565,5254.769563365483,9421.821841138351,14799.04049105163,1.347245343730074
651.4644421558982,701.9340978012963,302.4144854000604,2829.923669718715,5261.481334108058,9425.60827622435,14807.42093297831,1.35228306066526
658.2367318632481,704.3926567434971,305.8776931199425,2835.84041516547,5268.113521210797,9429.53291907725,14815.83709498417,1.353915593655871
664.6229178400198,706.8327378277014,309.3832404882178,2841.686101719645,5274.664579970225,9433.59440067907,14824.28666857917,1.35256232456691
670.6325069105923,709.2543255368308,312.9302247481649,2847.459482842018,5281.132989167674,9437.791421668884,14832.76722906609,1.348706454151584
676.2748046219326,711.657388674275,316.5177856702832,2853.159165698614,5287.51724244058,9442.122569276811,14841.27615384469,1.34281920485805
681.5588113590522,714.041879328132,320.1451045556723,2858.784438566427,5293.815894999625,9446.586457153946,14849.81075706305,1.335299163178575
686.4931432269625,716.4077320758518,323.8114023495982,2864.334069353606,5300.027526865969,9451.18170107854,14858.36849794064,1.326434789932446
691.0859729340932,718.7548637048903,327.5159366309185,2869.80751893751,5306.150735093155,9455.906875106812,14866.94704334135,1.316396613042265
695.3449867161835,721.083173619126,331.2579974080337,2875.203418269918,5312.184128585595,9460.760573200789,14875.5441149137,1.305262209753097
699.2773539904787,723.3925449970275,335.0369017771364,2880.521474739142,5318.126270796244,9465.741260344346,14884.15727443439,1.293072102466856
702.8897069980544,725.6828467251556,338.8519875275065,2885.760348702803,5323.975758619089,9470.847435538684,14892.7838636731,1.279908961266851
706.1881282490442,727.9539361937406,342.7026056997093,2890.918738046065,5329.731158987758,9476.077588535274,14901.42115455202,1.265986903032999
709.1781441734043,730.2056632088702,346.5881119733892,2895.995678560577,5335.390987434819,9481.430112982871,14910.06654590153,1.25173278565972
711.8647239812503,732.4378754781317,350.5078567142077,2900.989961263819,5340.95371160941,9486.903413008491,14918.7175948186,1.237837696908493
714.2522832464161,734.6504262100726,354.461173729254,2905.900910417627,5346.417768554044,9492.495780446905,14927.37184211046,1.225255525309739
716.3446919398995,736.8431841126725,358.4473684293218,2910.727017354877,5351.781567707593,9498.205504730448,14936.0266066394,1.215129386133506
718.1452863053028,739.0160452918868,362.4657071555263,2915.467975333283,5357.043550494259,9504.030780820614,14944.67895813012,1.208639815157146
719.6568829788021,741.1689452949073,366.5154104901274,2920.122334725755,5362.202130212468,9509.969613886278,14953.3258973932,1.206793054935532
720.8817924426727,743.3018683542721,370.5956536104911,2924.688911821195,5367.25578616238,9516.019978431983,14961.96456333027,1.210197664049184
721.8218281371248,745.4148507055199,374.7055753803999,2929.166580674651,5372.203095307979,9522.179704698474,14970.59226457386,1.218896920547331
722.4783082602297,747.5079763173305,378.8442950494309,2933.554372849271,5377.042723677156,9528.446567757395,14979.20632055672,1.23231521007369
722.8520494998965,749.5813660010872,383.0109326008138,2937.851736504145,5381.773450958946,9534.818265771486,14987.80389690507,1.249336826898283
722.9433544887711,751.6351631272438,387.2046277363884,2942.057448521573,5386.39413905642,9541.29240218547,14996.3820253685,1.26848680313564
722.7519961780214,753.6695197557993,391.4245537553822,2946.171578382944,5390.903732938067,9547.866670521478,15004.93780300811,1.288154080373354
722.2772020695357,755.6845858771592,395.6699250834565,2950.193063303736,5395.301289176659,9554.53868800163,15013.46857374228,1.306799222012222
721.5176399630981,757.6805026882087,399.9399993790342,2954.121270995788,5399.585918423598,9561.306057691385,15021.97190766431,1.323111449567771
720.4714055404289,759.6573994187627,404.2340761710581,2957.955283737182,5403.756742448364,9568.166392615658,15030.44539931865,1.33610494216874
719.1360112879001,761.6153925599264,408.5514939785061,2961.694641003497,5407.812935836463,9575.117267984795,15038.88649088149,1.345160752706777
717.5083760032483,763.5545862827596,412.8916273360632,2965.339019947049,5411.753664508826,9582.156345958889,15047.29250012521,1.350026772596806
715.5848142381122,765.475073069294,417.2538845294854,2968.88753485581,5415.578143643744,9589.281205548732,15055.66082023226,1.350787506629128
713.3610252946489,767.3769338845448,421.6377063269857,2972.340483319313,5419.285580256434,9596.489446390618,15063.98908132166,1.347812177840932
710.8320817095731,769.26023750177,426.0425656110943,2975.697058943316,5422.875169624573,9603.778738101351,15072.27510350036,1.341686711024356
707.9924174960921,771.1250388436179,430.4679675364152,2978.956952818115,5426.346139594551,9611.146706131185,15080.51668891942,1.333133859770608
704.8358167914324,772.9713764385805,434.9134496363166,2982.119245873565,5429.697771729258,9618.59103317377,15088.71146657995,1.322926542337284
701.35540399922,774.7992693237392,439.3785811856891,2985.183753033498,5432.929352812462,9626.109327880313,15096.8569488362,1.311801940492578
697.5436370235536,776.6087139267216,443.8629611371466,2988.150137667056,5436.040213195365,9633.69923100317,15104.95073667467,1.300386936431694
693.3923057326348,778.3996815770098,448.3662141208234,2991.017662332407,5439.029669010182,9641.358441117733,15112.99065547395,1.289147238788948
688.8925383114243,780.1721172727189,452.8879843216709,2993.78656258127,5441.897066027906,9649.084564699222,15120.97467270095,1.278371240563305
684.0348186316072,781.9259401513426,457.4279274390636,2996.456069346425,5444.641784743856,9656.875261417435,15128.90067528962,1.268194299452888
678.8090182127623,783.6610458432511,461.9857012602728,2999.025891151815,5447.263169303113,9664.728154476288,15136.76632888073,1.258660433711869
673.2044468734717,785.3773106414197,466.5609555357026,3001.494844652593,5449.760559176721,9672.640881803865,15144.56915728901,1.249808672012039
667.2099269048899,787.0745973019148,471.1533218243366,3003.862708361196,5452.133287747162,9680.611077338071,15152.30675199397,1.241763342307901
660.813896620262,788.7527623096286,475.7624038965082,3006.12885245623,5454.380682545299,9688.636223644051,15159.97688915195,1.234803676771941
654.0045504025778,790.4116644964087,480.3877693052897,3008.292493300081,5456.50207848701,9696.713829109074,15167.57742947732,1.229389475524107
646.7700237225514,792.0511748062282,485.0289429655634,3010.353612492222,5458.496796193725,9704.841316342272,15175.10610607893,1.226126853158579
639.098632794439,793.6711866253293,489.6854039227141,3012.311470083568,5460.36412631334,9713.016019078852,15182.56042507254,1.225671546955709
630.979179394827,795.2716254756573,494.3565866443105,3014.165834562791,5462.103437981967,9721.235226784267,15189.93779195355,1.228585623527454
622.4013318949344,796.8524563144715,499.0418877402278,3015.915504547862,5463.714129823061,9729.496106875338,15197.23574520466,1.235181863078434
613.3560939639186,798.4136866626945,503.7406778535902,3017.560519108885,5465.195684686921,9737.795890045913,15204.45207079717,1.24540011456344
603.8363728730322,799.9553645957344,508.4523169316785,3019.100389570271,5466.547661809658,9746.131740906114,15211.58469520736,1.258753746210695
593.8376596000818,801.4775720481886,513.1761699783915,3020.53480367159,5467.769709390839,9754.500772315023,15218.63148399651,1.274362055960651
583.3588320531043,802.980415205335,517.9116203776982,3021.86398116672,5468.861594948173,9762.90015677319,15225.59016726882,1.291056533830502
572.403089353206,804.46401430542,522.6580789552108,3023.087748081712,5469.823193272892,9771.327030336646,15232.45847776444,1.307529152519576
560.9790180674934,805.9284948075807,527.4149884622817,3024.206334503451,5470.654409465044,9779.778621450438,15239.23436095023,1.32248684990949
549.1017799389776,807.3739809732364,532.1818243788911,3025.218898591146,5471.355230113476,9788.252129834029,15245.91603798624,1.334785288647139
536.7943949388349,808.8005919880886,536.9580934799303,3026.125889533898,5471.92569518002,9796.744766276195,15252.50185229616,1.343528567055165
524.0890737416247,810.2084401340546,541.743331571844,3026.927016632605,5472.365891250416,9805.253875049426,15258.99005461136,1.348132748119232
511.0285309560499,811.5976302490128,546.5371014550681,3027.622348142265,5472.675960072514,9813.776773427575,15265.37874510888,1.348357016022387
497.6671864950457,812.9682596780241,551.338991739687,3028.212116144878,5472.856022509381,9822.31084943898,15271.66602933247,1.344307497626851
484.0721403649463,814.320417998324,556.1486167515568,3028.696461991588,5472.906227434028,9830.853484657157,15277.85022310169,1.336417224370281
470.3237900162887,815.6541859206418,560.9656174259585,3029.075744670201,5472.826748689895,9839.402086446693,15283.92989137242,1.325403344231757
456.5159538887325,816.9696329245196,565.7896627650372,3029.349248927754,5472.617749702543,9847.954169813,15289.90367846773,1.312201169534491
442.7553740376813,818.2668134128785,570.6204511187523,3029.517535739488,5472.279373568859,9856.50717235178,15295.77010311676,1.297875284720003
429.1604970416867,819.5457615155958,575.4577102801287,3029.580327429699,5471.811760632984,9865.05860586898,15301.52752693213,1.283511604943423
415.8594750896925,820.8064851320993,580.3011952809301,3029.537889139453,5471.215019710934,9873.606031535137,15307.17432261312,1.270100824183902
402.9873843265259,822.0489602800966,585.1506829865131,3029.390301083265,5470.489312105415,9882.147033238165,15312.70905861964,1.258431184664496
390.682719016936,823.2731271095391,590.0059632038841,3029.137870323746,5469.634764545427,9890.679268830627,15318.13049807521,1.249013074030647
379.0832815167357,824.4788888327057,594.8668269247902,3028.780875962843,5468.651489636606,9899.200305905077,15323.43740246505,1.242055335570416
368.321645144232,825.666114250415,599.7330531912669,3028.318577094224,5467.539611239563,9907.707773337017,15328.62833425815,1.237501683177264
358.5204185809533,826.8346437197998,604.6043964983551,3027.751368679927,5466.299265969508,9916.199288603671,15333.70165684087,1.235118468171396
349.7875865623605,827.9842976833028,609.4805764539695,3027.078780673746,5464.930614506103,9924.672370335866,15338.65572840616,1.234609295128297
342.2122400218716,829.1148865575709,614.3612707697968,3026.301034040476,5463.43384814717,9933.124541789157,15343.48908971202,1.235724261866076
335.8610308306294,830.2262208876409,619.2461119471596,3025.417894788643,5461.809156028537,9941.553224199863,15348.20045572197,1.238334306714821
330.7756764030717,831.3181209828105,624.134687562299,3024.429744475235,5460.056802797454,9949.955882026286,15352.78852931519,1.24245213706184
326.9717810105855,832.3904254945045,629.0265438966295,3023.336781073922,5458.177125175533,9958.329948668137,15357.25184227076,1.248196264960086
324.4391257313665,833.4429984451236,633.9211926185617,3022.138432722435,5456.170483656425,9966.672764721672,15361.5888029975,1.255709769685585
323.1434177520672,834.4757341457587,638.8181200744754,3020.835151782115,5454.037308524566,9974.981744162937,15365.79791531767,1.265057218269625
323.0293124583608,835.4885594499665,643.7167983973898,3019.426688190035,5451.778055084081,9983.254260358033,15369.87795462764,1.276128750795829
324.0243698706406,836.4814330480353,648.6166972205056,3017.913639289666,5449.393256449887,9991.487736312332,15373.8279292828,1.288577660724167
326.0435171459202,837.4543420078592,653.5172945520089,3016.295967311509,5446.883517345484,9999.679599223986,15377.64687610685,1.301807362298772
328.9935783766949,838.4072963225176,658.4180855316284,3014.57459320812,5444.249479724892,10007.82726433186,15381.33370694955,1.315009255267752
332.7774946313924,839.340322577704,663.3185883358358,3012.750054814309,5441.491826367316,10015.92831260056,15384.8872677919,1.327240291712054
337.2979655087327,840.2534578613878,668.2183472059635,3010.822340037686,5438.611335487593,10023.98032327033,15388.30654707795,1.337522327548901
342.4603665430981,841.146744745538,673.1169331691007,3008.79215993366,5435.608817796157,10031.98094215925,15391.59081345998,1.344945434386134
348.1749077580528,842.0202277376828,678.0139433418079,3006.65963850331,5432.485166664145,10039.92788666244,15394.73953454836,1.348761971829789
354.3580817252147,842.8739511905543,682.9089997446497,3004.425703479664,5429.241287917182,10047.81889766656,15397.75215663669,1.348464020771675
360.933500179729,843.7079583553665,687.8017484023549,3002.090427426148,5425.878116218486,10055.6518467536,15400.62796955081,1.343841184690207
367.8322401864356,844.5222910714776,692.6918592612955,2999.655030909114,5422.396655341618,10063.4245525686,15403.36619412834,1.335017664189437
374.9928215915096,845.3169894648989,697.5790271778212,2997.120118070676,5418.797935221161,10071.13489069645,15405.96619832914,1.322466984837183
382.3609251957743,846.0920909486981,702.4629739156659,2994.485962227489,5415.08298539516,10078.78083745624,15408.42761506385,1.307000635074081
389.888942616205,846.8476277904676,707.3434507050188,2991.753193669811,5411.252845491566,10086.3603775686,15410.75023552609,1.28972451956851
397.5354290498894,847.5836226066613,712.2202404466166,2988.922043248686,5407.308531950845,10093.87161113949,15412.93378443374,1.271956535570494
405.2645120918641,848.3000814827794,717.09315816625,2985.993441259644,5403.251055735219,10101.31262046894,15414.97780335156,1.255102226326151
413.0452947879309,848.9969851041178,721.9620480594085,2982.967341842134,5399.081402071183,10108.6815764436,15416.88175413925,1.240495370350462
420.8512794270865,849.6742792544537,726.8267757535792,2979.844962245613,5394.80045358285,10115.97673372896,15418.64522304144,1.229225789088946
428.6598295551505,850.331866940563,731.6872155119725,2976.626723676261,5390.409080042989,10123.19626842727,15420.26800116475,1.221991698513154
436.4516803408814,850.9696046347003,736.5432338301972,2973.312948783435,5385.908118351485,10130.33839957626,15421.74994652509,1.219018334316028
444.210501093547,851.5873042683559,741.3946724672254,2969.903936265605,5381.298408146133,10137.40128606247,15423.09076405678,1.220070350630409
451.9225085393041,852.184740886676,746.2413344419773,2966.399851493798,5376.580802291178,10144.38309553595,15424.28993048172,1.224555538271377
459.5761260572982,852.7616641705979,751.0829755469522,2962.801443933377,5371.756175823629,10151.28199225565,15425.34684686632,1.231686516676781
467.1616828099123,853.3178112458395,755.9193020768507,2959.108538199021,5366.825453115291,10158.09602187719,15426.26107001719,1.24065137495075
474.67114712086,853.8529185399609,760.7499738054142,2955.322346155251,5361.789679833603,10164.8233057578,15427.03239587486,1.250749171384107
482.0978895827228,854.3667314322917,765.5746104626703,2951.443286673741,5356.649942280655,10171.46194026434,15427.66072322811,1.26146478664243
489.4364723787231,854.8590113981306,770.3928000533537,2947.472009403307,5351.407413541332,10178.01001367069,15428.14585384892,1.272478692319948
496.6824618570571,855.3295408954789,775.204107870259,2943.40885189113,5346.063338349386,10184.4656391523,15428.48744943655,1.283623244009791
503.8322615934836,855.7781263686521,780.0080855514453,2939.254365244187,5340.619029797514,10190.82688648442,15428.68520023491,1.294806054012141
510.8829632584537,856.2045996410931,784.8042797958005,2935.009530753319,5335.075895033251,10197.09196562417,15428.73903727126,1.30592375646059
517.8322127546345,856.6088178499764,789.5922404009061,2930.674515522683,5329.435367687976,10203.25909350431,15428.64917175594,1.316787479229062
524.6780893686376,856.9906620599872,794.3715272515299,2926.250835397046,5323.698888203156,10209.32651861306,15428.41592262298,1.327075784464267
531.4189960370876,857.3500347940338,799.1417159033401,2921.739206222223,5317.867941608829,10215.29261273463,15428.03951071286,1.336323106160349
538.05355916141,857.6868568654868,803.902401543503,2917.140768445644,5311.944035691276,10221.15577277735,15427.52003133128,1.343943664512253
544.5805366327927,858.0010639992817,808.6532013478695,2912.455995780293,5305.928685219583,10226.91453284582,15426.8576299636,1.349284448351953
550.9987328197709,858.2926037295429,813.3937555147367,2907.685836502433,5299.823439000955,10232.56742083444,15426.05269429029,1.351697412597383
557.3069192531183,858.5614329548265,818.123727454702,2902.83141442082,5293.629826040746,10238.11299646649,15425.10585777732,1.350620603689455
563.5037596688536,858.8075163530536,822.8428037093,2897.893177718091,5287.349454065306,10243.54995443773,15424.01780686338,1.345659485508492
569.5877379837998,859.0308256478156,827.5506941554678,2892.872757753393,5280.983963877342,10248.87697900152,15422.78908774808,1.336661792989125
575.5570876967997,859.2313394987237,832.2471329456914,2887.771040169511,5274.535008813696,10254.09285268531,15421.42011047393,1.323780429825512
581.4097211304764,859.409043560697,836.9318804407201,2882.589462016792,5268.004260832112,10259.19638186581,15419.91134242893,1.307518396365615
587.1431568559132,859.5639300146996,841.6047260891601,2877.328484133023,5261.393418840725,10264.18644603539,15418.2634867855,1.28874732873331
592.7544436173189,859.6959956398272,846.2654917520068,2871.989262335149,5254.704184580932,10269.06206471815,15416.47745485853,1.26868776351853
598.2400792088885,859.80523737578,850.9140343457182,2866.572841535145,5247.938289932034,10273.822209927,15414.55415416081,1.2488369795751
603.5959232371015,859.8916445267347,855.5502459986878,2861.079759384003,5241.097399185232,10278.46593818034,15412.49430209191,1.230833245459908
608.8171036917169,859.9551875444832,860.1740495351193,2855.511450187605,5234.183139891201,10282.99233725811,15410.29844717571,1.216258241126094
613.8979186597512,859.995804782979,864.7853875878793,2849.868692225494,5227.197116527836,10287.4005007268,15407.96716221259,1.206403736866585
618.8317357668643,860.0133902871474,869.3842054191749,2844.152840575383,5220.140864494283,10291.68956157771,15405.50119748972,1.20205645405501
623.6108920756834,860.0077865044534,873.9704302097334,2838.364026292501,5213.015885524052,10295.85853940318,15402.90142733389,1.203368089480409
628.2265956713001,859.9787847851894,878.5439517073817,2832.503265400359,5205.823636064049,10299.90650267718,15400.16864562527,1.209858593092429
632.6688277215216,859.9261338298543,883.1046090968885,2826.57125273906,5198.565573226085,10303.83250215624,15397.30342931759,1.220552933476586
636.9262420973325,859.8495534141346,887.652186559244,2820.568493390946,5191.243226818487,10307.63551387911,15394.30622576137,1.234201889528
640.9860599264838,859.7487494635966,892.1864167890083,2814.496190243455,5183.858196627615,10311.3145411609,15391.17759002227,1.249515201928187
644.8339585369101,859.6234272372933,896.7069896280345,2808.355220916832,5176.412122117076,10314.86852253684,15387.91834378103,1.26534747638369
648.4539569779923,859.473301069268,901.213562658284,2802.147167638787,5168.906757489109,10318.29648583459,15384.52950590098,1.28080753918387
651.8283027306508,859.2981006481699,905.7057715049151,2795.872374049777,5161.343915255012,10321.59747418977,15381.01207873378,1.295290524065084
654.9373661071078,859.0975746274917,910.1832387934002,2789.532277810314,5153.725521829014,10324.77050900747,15377.36691895628,1.308448977680069
657.7595504784913,858.8714925046299,914.6455815826808,2783.127838550415,5146.053561612596,10327.81474613196,15373.59483107137,1.320125219304796
660.2712282209048,858.6196454872376,919.0924175146143,2776.66010899913,5138.330049527946,10330.72936614323,15369.69678687593,1.330266624937478
662.4467143594677,858.3418467547413,923.5233699880131,2770.130497086144,5130.557061121782,10333.51365895534,15365.67404191217,1.338842248089172
664.2582923372516,858.0379312794248,927.9380725570188,2763.540325233876,5122.736736678013,10336.16695058625,15361.52802518529,1.345775045643796
665.676308981171,857.7077552524668,932.3361726139694,2756.891525596554,5114.871217313938,10338.68857881338,15357.26011373973,1.350899413874727
666.6693582419992,857.3511951565554,936.7173343368927,2750.184726363683,5106.962666329423,10341.07803924572,15352.8715222931,1.353948903070554
667.2045751289243,856.9681465934087,941.0812408951913,2743.421652793503,5099.013216549324,10343.33481675306,15348.3634186216,1.354574269838636
667.2480617276003,856.5585230552339,945.4275959992455,2736.603356448519,5091.024993533114,10345.45846042884,15343.73714027274,1.352388095547653
666.7654653969993,856.1222548757231,949.7561250061349,2729.731198958633,5083.000147964638,10347.44858406778,15338.99428301017,1.347029593998062
665.7227241876686,855.6592885798802,954.0665759047048,2722.806519010388,5074.940780327591,10349.30484358925,15334.13656456997,1.338242031810398
664.0869852496311,855.1695867620826,958.3587205594306,2715.830840651954,5066.848989116059,10351.02704049073,15329.16560115188,1.325954886853332
661.8276878259046,854.6531284553928,962.6323565642122,2708.806163390512,5058.726876072382,10352.61494395198,15324.08282470202,1.310362543266358
658.9177833339162,854.109909707184,966.8873099113081,2701.73324018195,5050.576554498855,10354.06839686032,15318.88962245306,1.291989950136875
655.3350420843078,853.5399437432907,971.1234383700904,2694.613863850349,5042.400151878161,10355.38733186443,15313.58754821007,1.271732618417551
651.0633718990035,852.9432597136516,975.3406349445886,2687.449042564855,5034.199786384316,10356.57168179877,15308.17837837936,1.250854020264842
646.0940523718634,852.3198986892914,979.5388300421329,2680.240283495456,5025.977516781886,10357.62146713303,15302.6639450187,1.230920329701385
640.4267750649234,851.6699056060654,983.7179902214233,2672.988694726931,5017.735430450692,10358.53666130596,15297.04590744876,1.213655709235231
634.0703799616932,850.9933166330169,987.8781110946799,2665.695817270914,5009.475565921733,10359.31730021847,15291.32568737381,1.200717722577538
627.0431957320227,850.2901432186086,992.0192028685835,2658.363453578324,5001.199932060852,10359.96346290069,15285.50462382654,1.193424470984966
619.3729257912139,849.5603563547011,996.1412695156916,2650.992273605435,4992.910502826875,10360.47512792133,15279.58418084323,1.192502084459389
611.0960688522235,848.8038759601898,1000.244285844228,2643.583837288922,4984.609227604593,10360.85228571181,15273.56599272316,1.197937579835065
602.2569129149892,848.0205692276824,1004.328178660091,2636.138911039118,4976.298087397989,10361.09484188884,15267.45170899744,1.208994840087649
592.9061859587688,847.2102584001445,1008.392817023154,2628.658971093445,4967.979105259764,10361.20270581872,15261.24281545714,1.224387813312372
583.0994779014258,846.3727348525828,1012.438012842765,2621.144874300962,4959.654297328712,10361.17578316482,15254.9406372036,1.242544554237841
572.8955629174868,845.5077748011959,1016.463529289207,2613.598286588562,4951.325732213895,10361.0138953513,15248.54654013146,1.261875301609275
562.3547482399321,844.6151528621066,1020.46909284215,2606.02105494483,4942.995536480801,10360.71697816271,15242.06213834587,1.280979657123068
551.5373572686516,843.694651744628,1024.454405378974,2598.414223157317,4934.665881595222,10360.28499454874,15235.48930249209,1.298766782760337
540.5024260063013,842.7460681525027,1028.419154312382,2590.779601640731,4926.339021221096,10359.71796708198,15228.82996587124,1.314493771010316
529.3066588552549,841.7692158774811,1032.363020262774,2583.118314522468,4918.01721223601,10359.01598969992,15222.0859298144,1.327742391599463
518.0036585802917,840.7639272264007,1036.285682621469,2575.432319285254,4909.702773481509,10358.17915735461,15215.25886865608,1.338356961386424
506.6434199053025,839.7300536843849,1040.186823668913,2567.722715325914,4901.398088102585,10357.20771873153,15208.35052519426,1.34636289352885
495.2720586382383,838.6674663692194,1044.066131874119,2559.99162855559,4893.105573063747,10356.10192503455,15201.36288990259,1.351881249015477
483.931738362826,837.5760565252624,1047.923304812185,2552.241145713914,4884.827658303629,10354.86205308733,15194.29817310103,1.355051172970254
472.6607533463851,836.4557360951543,1051.758051920976,2544.472797906633,4876.566803788486,10353.48847721328,15187.15859542971,1.355969471086767
461.493727628441,835.3064383028799,1055.570097147051,2536.688583365742,4868.325454438969,10351.98159045488,15179.94620973222,1.354654139905069
450.4618945100184,834.1281181694089,1059.359181440506,2528.889898933454,4860.10611026995,10350.34191933321,15172.66293564848,1.351035893738022
439.593426372141,832.9207529356144,1063.125065055539,2521.078963117385,4851.911233463022,10348.5699876382,15165.31076620585,1.344978555904344
428.9137908098181,831.6843424478127,1066.867529680108,2513.256931425875,4843.74323850759,10346.66636564859,15157.89192760463,1.336325922328938
418.4461147424179,830.4189096256536,1070.586380515892,2505.42611575648,4835.604517792012,10344.63174850511,15150.40882091959,1.324969780299187
408.2115430282506,829.1245011377805,1074.281448509005,2497.588565696463,4827.497417337065,10342.46681640263,15142.86380149811,1.310931337348816
398.229581971553,827.8011883211581,1077.952592936013,2489.746039072073,4819.424242758264,10340.17232871618,15135.25901926947,1.294446089603372
388.5184209144495,826.4490681661081,1081.599704417298,2481.90041484267,4811.387250895459,10337.74903838664,15127.5964798716,1.276039480214599
379.0952269025627,825.0682638370175,1085.222708099733,2474.053110185579,4803.388621516859,10335.19775009656,15119.87825515121,1.256577029084456
369.9764083394445,823.6589237398023,1088.82156618853,2466.206281994869,4795.430515007097,10332.51937349565,15112.10661562963,1.237268433751168
361.1778438862063,822.2212177240073,1092.396278278181,2458.360907374306,4787.515082983157,10329.71475209137,15104.28393663431,1.21960314253683
352.715073135092,820.7553289454482,1095.946877320958,2450.519181738324,4779.64440181107,10326.78478292603,15096.41246508819,1.205200681761093
344.6034465136369,819.2614406827576,1099.473419165989,2442.682860010575,4771.820537443222,10323.73034652005,15088.49417996826,1.195579144407941
336.8582340149488,817.7397192696973,1102.975965069555,2434.853697728702,4764.045508324369,10320.55228754506,15080.53088725376,1.191880458228862
329.4946953361607,816.1902967469664,1106.45455945142,2427.033253781703,4756.321358341805,10317.25143357536,15072.52445300829,1.194627384753213
322.5281161610183,814.6132583079435,1109.909208127701,2419.222878818267,4748.65017288927,10313.82846729191,15064.47694275364,1.203597247922418
315.9738147063558,813.0086385666236,1113.339863086024,2411.424618623702,4741.034061207669,10310.28410695005,15056.3905390102,1.217861960053827
309.8471191887912,811.3764272849174,1116.746417497635,2403.639435290488,4733.475164357364,10306.61906374598,15048.26734297808,1.235977601512886
304.1633129872902,809.7165816235914,1120.128710524463,2395.869626937726,4725.975709571738,10302.83402736588,15040.10928635721,1.256251922583269
298.9375428042341,808.0290404236483,1123.486538299151,2388.117050213749,4718.537939407715,10298.92976603662,15031.91826146493,1.277006151003948
294.1846868648283,806.3137368276948,1126.81966673384,2380.38393733221,4711.16413820761,10294.90704397948,15023.69634479246,1.29677375251369
289.9191838979144,804.5706074675918,1130.127843021819,2372.672065028526,4703.856566277356,10290.76675887778,15015.44588535533,1.314416422818149
286.1548276651096,802.7995981369215,1133.410804453885,2364.983267137191,4696.617457389525,10286.50984278743,15007.16936465817,1.329164947313795
282.9045352333724,801.0006667775505,1136.668284513809,2357.319901531224,4689.449080983287,10282.13722085808,14998.86916905298,1.340604121915074
280.1800998126262,799.1737848378868,1139.900016898145,2349.683299528121,4682.353696551384,10277.64993437321,14990.54750536127,1.348621476284014
277.9919408441668,797.3189379151055,1143.105738282936,2342.07601866232,4675.333550851225,10273.04903478358,14982.20654171043,1.353335651656967
276.3488651079456,795.4361263206373,1146.28519056478,2334.500087546065,4668.390895239865,10268.3356734082,14973.84862264231,1.355016226611763
275.2578527947925,793.5253659342313,1149.438123099161,2326.958125496476,4661.527980797289,10263.51102784024,14965.47633047143,1.354004195162987
274.7238816225183,791.5866894834376,1152.56429523214,2319.451981015312,4654.74707231329,10258.5762964583,14957.09232535195,1.350641148960583
274.7498001048525,789.6201482159624,1155.66347921635,2311.983780429779,4648.050450456085,10253.53282776614,14948.69912578938,1.345214700585396
275.3362580964289,787.6258138286684,1158.735463445839,2304.555951768902,4641.440322348921,10248.38195864862,14940.29905342501,1.337926854376285
276.4816989760373,785.6037804829181,1161.780055856353,2297.170032575984,4634.918905341274,10243.12508261706,14931.89439414585,1.328890180335681
278.1824136505506,783.5541667653711,1164.797087326077,2289.828612505512,4628.488380201426,10237.76362852281,14923.48760295927,1.318153557692218
280.432652371483,781.4771175201657,1167.786414961993,2282.53373236698,4622.150888928628,10232.29904758526,14915.0813333037,1.305755209429949
283.2247865482394,779.372805535767,1170.747925225144,2275.288177834809,4615.908511326805,10226.7329046615,14906.67825394239,1.291796291516832
286.549509643753,777.2414330574707,1173.681536865135,2268.093676042712,4609.763233809021,10221.06671416406,14898.2808356622,1.276523882397629
290.396064082285,775.0832329575652,1176.587203521526,2260.952402563608,4603.716949662589,10215.30204947483,14889.89132170368,1.260408007385079
294.7524800289214,772.8984691005386,1179.464915549079,2253.86655370717,4597.771504358022,10209.4405416925,14881.51190368255,1.244193466370388
299.6058120025344,770.6874350281506,1182.314700143756,2246.837590354975,4591.928618696311,10203.48379662649,14873.14491198549,1.228904608297544
304.9423606309222,768.4504497197997,1185.136618333538,2239.867756979216,4586.189928494859,10197.43345486125,14864.792814634,1.215782454787904
310.747869482394,766.187849181746,1187.930757202095,2232.958780026527,4580.557010378982,10191.29104988052,14856.45802070664,1.206143204416298
317.0076906172362,763.8999733868685,1190.6972163348,2226.113238770605,4575.031391772582,10185.05811545758,14848.14269060315,1.201168900306219
323.7069165382397,761.5871497731401,1193.436089228877,2219.332484417409,4569.614629330414,10178.73616718594,14839.84875532723,1.20167200856852
330.830479166441,759.2496765477166,1196.147442850169,2212.618546584537,4564.308267450654,10172.32660654115,14831.57813563717,1.207901287770119
338.3632169540022,756.8878101321073,1198.83130024916,2205.973325963191,4559.113868498987,10165.83085619016,14823.33295053514,1.219455818423588
346.2899092545055,754.5017601060383,1201.487630690361,2199.398341296106,4554.033063746422,10159.2502953756,14815.11551756429,1.235338644479993
354.5952744203101,752.0916922547169,1204.1163490236,2192.895744383293,4549.067546910007,10152.58636889709,14806.92816384039,1.25412849375847
363.263927035995,749.6577374874399,1206.717322698364,2186.467409724798,4544.21903383215,10145.84056676409,14798.77305846714,1.274209580569552
372.2802909606494,747.200003081646,1209.290382842948,2180.1162208384,4539.48927791121,10139.01434306454,14790.65224960853,1.29399449515405
381.6284673725524,744.7185831752766,1211.835335839771,2173.843794893945,4534.879987540884,10132.10927807914,14782.56786988163,1.312096773352798
391.2920592821007,742.2135668176214,1214.351973097857,2167.65259147507,4530.392898600005,10125.12697585508,14774.52229430692,1.327438010627229
401.2539552708243,739.6850432243243,1216.840078183694,2161.544717475179,4526.029710965324,10118.06909730575,14766.51808056299,1.339294578414784
411.4960756811969,737.1331047059193,1219.299431499837,2155.522120947398,4521.79204867806,10110.93735827299,14758.55774692012,1.347297585664512
421.99908466456,734.5578480598433,1221.72981319836,2149.58701752739,4517.681473989073,10103.7334766888,14750.643611412,1.351400140501801
432.7420719009705,731.9593752246802,1224.131005139094,2143.741445566844,4513.699493079293,10096.45931901464,14742.77785377156,1.351822951466827
443.7022087769051,729.3377938656123,1226.50279262812,2137.988377598425,4509.847557393969,10089.11675252427,14734.96273088545,1.348986170235326
454.8543855523287,726.6932183861674,1228.844966510861,2132.329437185156,4506.127096390929,10081.70767279292,14727.20071813087,1.343433658664883
466.1708387021918,724.0257716750643,1231.15732599375,2126.767119454806,4502.53945829348,10074.2340506359,14719.49442568143,1.335755844448454
477.6207812676145,721.335587702672,1233.439682344507,2121.303345699513,4499.085942241224,10066.69785852512,14711.84637228953,1.326518497176217
489.1700537221759,718.6228148860264,1235.69186338755,2115.940107227445,4495.767839771695,10059.10117415435,14704.2588459149,1.316206082312777
500.7808184437797,715.8876199680565,1237.913718498058,2110.679312004449,4492.586366896028,10051.44604769502,14696.73398953072,1.305188574372397
512.4113270521146,713.130192041715,1240.105123650045,2105.522857431127,4489.542697164864,10043.73456449712,14689.27401555353,1.293718664293121
524.0157959608578,710.350746320154,1242.26598602557,2100.473469451697,4486.637908400588,10035.96891058054,14681.88131809221,1.281961793124725
535.5444304201654,707.5495273017087,1244.396247737983,2095.53254213037,4483.873002902001,10028.15124626669,14674.55835799213,1.270054950922411
546.9436395814321,704.7268110490605,1246.495888301967,2090.702314799711,4481.248929113685,10020.2837860487,14667.30743144599,1.258183031003905
558.1564828901684,701.8829063141853,1248.564925506344,2085.984276077283,4478.766551582732,10012.36869376452,14660.13055457869,1.246655300227892
569.1233795776899,699.018154134172,1250.603414248387,2081.380190151732,4476.426599488448,10004.40813136168,14653.02957718352,1.235960639566088
579.783096819897,696.132925315524,1252.611442698312,2076.891391067295,4474.229739046636,9996.404286764822,14646.00640328353,1.226779959050294
590.0740080062786,693.2276150570697,1254.589125044037,2072.519394098174,4472.176525783206,9988.359217682146,14639.06308809661,1.21993926320076
599.9355819860057,690.3026340865285,1256.536590295628,2068.266411031882,4470.267468975623,9980.274978900758,14632.20171400119,1.216298998766846
609.3100306726392,687.3583963485746,1258.453967450103,2064.13346157912,4468.503015950962,9972.153573556772,14625.42418167306,1.216594523875905
618.1440113797095,684.3953044794608,1260.341368673813,2060.122394735869,4466.883553983995,9963.996978717445,14618.73214579697,1.22126394773623
626.3902580686291,681.413735567155,1262.198873482385,2056.234284814011,4465.409493933641,9955.807180742038,14612.12717772585,1.230312734247604
634.0090082383524,678.4140302202912,1264.026517295574,2052.470768631184,4464.081285143332,9947.586073668237,14605.6110037128,1.243258658897544
640.9691033638549,675.3964871977108,1265.824286678321,2048.832849122778,4462.899388180794,9939.335633636765,14599.18558691669,1.259174815493011
647.2486709009476,672.3613640573194,1267.592121466046,2045.322008992254,4461.86428970935,9931.057857716312,14592.85298064984,1.276814968880501
652.835340690277,669.3088824532083,1269.329921961348,2041.940332167764,4460.976472137007,9922.754745379445,14586.61511156863,1.294782449050713
657.725999886326,666.2392357512568,1271.037558451447,2038.688947054121,4460.236413068906,9914.428371019365,14580.47371923819,1.311700306562392
661.9261383967968,663.1525967493224,1272.714880570217,2035.569714498345,4459.644617552449,9906.080803270765,14574.43051077147,1.326352544088356
665.4488727601998,660.049124059128,1274.361724984542,2032.58368418293,4459.201510197921,9897.714239822571,14568.48736394744,1.337783134424813
668.3137557021334,656.9289665822764,1275.977920895242,2029.732596939684,4458.907480206506,9889.330904592834,14562.64635994262,1.345352669988349
670.545480987824,653.7922661654941,1277.563293562955,2027.01726057726,4458.762860341387,9880.933018191334,14556.90960501079,1.348758991754862
672.1725818234416,650.6391588856014,1279.117666450224,2024.439106625762,4458.767925792953,9872.522900113685,14551.2790196405,1.348029258758403
673.2262009711217,647.4697755685538,1280.640862708272,2021.999920428425,4458.922881566631,9864.102861220346,14545.75630935936,1.343489227413343
673.738987120983,644.2842421845775,1282.132706737278,2019.70071870206,4459.22783604065,9855.67528739964,14540.34314277556,1.335713284258564
673.7441491125551,641.0826807393677,1283.593026470888,2017.543028512268,4459.682765885199,9847.24255594404,14535.04134848097,1.32545753923533
673.2746800296339,637.8652112061669,1285.021656885442,2015.527545647452,4460.287605108428,9838.807043960907,14529.8529215561,1.313578890912755
672.3627482509394,634.6319548877731,1286.418444988432,2013.655709815996,4461.042184186245,9830.371251727644,14524.77982780144,1.30094562587888
671.039242347158,631.3830393311489,1287.783256183463,2011.927773796986,4461.946241868375,9821.937656316039,14519.82380136884,1.288349182676912
669.3334507235547,628.118604548108,1289.115981476402,2010.344725146683,4462.999434292593,9813.508782597024,14514.98633773248,1.276430545056875
667.2728542858862,624.8388098992285,1290.416544588834,2008.907643510804,4464.201316957441,9805.08716319822,14510.26887935076,1.265635927127703
664.8830102923184,621.5438407076324,1291.684907833014,2007.617060062948,4465.55140007738,9796.675321115394,14505.67299200428,1.256212862626712
662.1875071466787,618.2339136082605,1292.921075685008,2006.47375210517,4467.049120332632,9788.275832013283,14501.20033985241,1.248249156654235
659.207972468457,614.9092798332141,1294.125095345701,2005.477715376048,4468.693809597476,9779.891149329662,14496.85247875448,1.241745608533449
655.9641197188537,611.5702259786092,1295.297054042471,2004.629716479599,4470.4847398852,9771.523708265453,14492.63067818853,1.236702968708455
652.4738215050966,608.2170721195205,1296.437073204093,2003.929203139104,4472.421147054702,9763.175919450363,14488.53595671992,1.233198066411716
648.7532001872851,604.8501673198595,1297.545299847892,2003.37651164963,4474.502207461633,9754.850115178344,14484.56929776894,1.231425400748422
644.8167285591508,601.4698826510571,1298.621895625767,2002.971920510848,4476.727092287155,9746.548623984365,14480.73182962927,1.231688555276292
640.6773352865167,598.0766019391192,1299.667024157359,2002.715524441901,4479.094890928824,9738.273655711648,14477.02479391972,1.234338918087537
636.3465115715727,594.670710760489,1300.680837651035,2002.607498929687,4481.604688767772,9730.027433144724,14473.44934913436,1.239674563901342
631.8344171291653,591.2525847104672,1301.663464293356,2002.64746047376,4484.255570301631,9721.812176936191,14470.00642766829,1.247825590872592
627.1499848057664,587.8225784570011,1302.614998177588,2002.83586640477,4487.046594447429,9713.630026745299,14466.69680896932,1.258658549274275
622.3010237995047,584.381017224578,1303.535493310324,2003.171865041744,4489.976792827368,9705.483164454297,14463.52134492239,1.271728084883603
617.2943213962263,580.9281919097622,1304.424962398063,2003.655626175418,4493.045191263153,9697.3737415514,14460.48111201683,1.286289373442881
612.135742675813,577.4643581271715,1305.283379973171,2004.287115090078,4496.250790243585,9689.303986925996,14457.57733648493,1.30136654562001
606.8303271975822,573.989738523813,1306.110688479877,2005.06642188162,4499.59262306033,9681.276171489757,14454.81116980832,1.315858202144817
601.382381576052,570.504527087631,1306.906805573124,2005.993437249589,4503.069684085936,9673.292531818986,14452.18354350424,1.328656180545749
595.7955671655814,567.008894072107,1307.671631105382,2007.067631893595,4506.680916026842,9665.355417062443,14449.69524728751,1.338757314342292
590.0729826180435,563.502990449183,1308.405052840376,2008.289196462104,4510.425262664505,9657.46717709409,14447.34714222104,1.345355723712095
584.2172416467715,559.9869512573331,1309.106950545948,2009.656970297578,4514.301623288135,9649.63019329792,14445.14028047773,1.347910714649056
578.2305467902213,556.4608976442265,1309.777198603952,2011.170786045034,4518.308874554923,9641.846855606811,14443.07580157528,1.346190125381446
572.1147602951394,552.9249377355922,1310.415667591935,2012.83008641494,4522.445834094116,9634.119514528764,14441.15470758311,1.340290525898205
565.8714734723387,549.3791667008875,1311.022225476963,2014.634700833364,4526.711245187409,9626.450626503378,14439.37774665905,1.330634871856381
559.5020760694922,545.8236665723728,1311.596739163688,2016.583975214695,4531.103806258481,9618.842614215428,14437.74552155654,1.317946325777556
553.0078273775022,542.2585065336814,1312.139077171028,2018.677020514196,4535.622170493129,9611.297911011285,14436.2587064092,1.303195420347602
546.3899309102361,538.6837445060988,1312.649114132852,2020.913520430426,4540.264857748174,9603.819001280173,14434.91814108393,1.287518087074222
539.6496144882015,535.0994308434982,1313.126737540988,2023.291858139513,4545.030310076197,9596.408351844875,14433.72469844378,1.272105752082039
532.7882173100895,531.5056146770091,1313.571856593916,2025.811325953035,4549.91683508197,9589.068499979405,14432.67905288576,1.258076317604379
525.8072850715985,527.9023528425704,1313.984412211468,2028.470671321576,4554.922659168684,9581.801897570609,14431.78158034065,1.24634491349616
518.7086735237087,524.2897204550582,1314.36438645998,2031.269236820058,4560.045930208532,9574.61096168835,14431.03248279539,1.237521399486505
511.4946603986683,520.6678213752422,1314.711809216487,2034.205583347725,4565.284690669133,9567.498115812812,14430.43199986179,1.231861662373597
504.1680657730608,517.036796490226,1315.026760240601,2037.278217157483,4570.6369191203,9560.465668486224,14429.98048227573,1.229288095198202
496.7323818372527,513.3968281566744,1315.30936589991,2040.48603189863,4576.100591042224,9553.515900048877,14429.67825117261,1.229474098892736
489.1919144190285,509.7481401705479,1315.559791131082,2043.826779606009,4581.673658787529,9546.650967497382,14429.52539333935,1.231967079169063
481.5519399172996,506.0909937105422,1315.77822818571,2047.299055701295,4587.354092210353,9539.872980677377,14429.52171456755,1.2363137524588
473.8188821168372,502.4256803688334,1315.964883973142,2050.900925752856,4593.13986296067,9533.184039721435,14429.66691186047,1.242154329606114
466.0005136320758,498.7525134928445,1316.119967499576,2054.63136571969,4599.02894582007,9526.586098886415,14429.96080079521,1.249265029170335
458.1061867148019,495.0718188187887,1316.243678397635,2058.488463683135,4605.019398653558,9520.081103481689,14430.40337644257,1.257544914994863
450.1470981267653,491.3839250903719,1316.336197163952,2062.470583265627,4611.109284061401,9513.670942378061,14430.99465857406,1.266957787265768
442.1365928082914,487.6891552148032,1316.397677561103,2066.576377552366,4617.296676960952,9507.357491157594,14431.73449234302,1.277449752962607
434.0905110239269,483.9878185100157,1316.428241578951,2070.803647296645,4623.579654373465,9501.14264265144,14432.62251955286,1.288866905796581
426.02758324688,480.2802046087379,1316.42797721628,2075.150925132823,4629.956288785569,9495.028208052561,14433.65835448552,1.300895089583297
417.9698759416495,476.5665794670417,1316.396939048353,2079.616239163041,4636.424640669617,9489.016087227988,14434.84178349862,1.313036070259979
409.9432893586657,472.8471836352884,1316.335151147066,2084.198693940067,4642.982756094359,9483.108189434837,14436.17277916254,1.324624155257381
401.9781052459819,469.122232568209,1316.242611572151,2088.896314820216,4649.628591127072,9477.306408154132,14437.65131053802,1.334877776073136
394.1095777399556,465.3919184191533,1316.119297495332,2093.707564620345,4656.360108194658,9471.612667742545,14439.27714034089,1.342974567579159
386.3785542045918,461.6564125908624,1315.965170098278,2098.630924683432,4663.175246101532,9466.028831465806,14441.04981321507,1.348136962301916
378.832103879466,457.915868326715,1315.780178641035,2103.664218486673,4670.071924838544,9460.556833682826,14442.96884064277,1.349717265666107
371.5241202561995,454.1704227754735,1315.564263428252,2108.805720921534,4677.048051819296,9455.198570580837,14445.03388527467,1.34727458388793
364.5158476956005,450.4201981796957,1315.317357723252,2114.053200927462,4684.101492799478,9449.955888040202,14447.24474857923,1.34063893614928
357.8762639780325,446.6653020755684,1315.039388939259,2119.405561605698,4691.230105245656,9444.83068804606,14449.60117105388,1.329959219082411
351.6822292231005,442.9058266414569,1314.730279675642,2124.860486525112,4698.431757246115,9439.824830909412,14452.1026485482,1.315731049040888
346.0182903343269,439.1418476146839,1314.389949375108,2130.416246590099,4705.704262642209,9434.940224980624,14454.74845153357,1.298798258976079
340.9760131923553,435.3734235301403,1314.018317532898,2136.070895024064,4713.045386219977,9430.178725643878,14457.53782212414,1.280319118796482
336.6527088497953,431.6005963883023,1313.615309396051,2141.82209717975,4720.452859011268,9425.54213700106,14460.47013772196,1.261687333789446
333.1494334664613,427.8233950940045,1313.180864771184,2147.667686546957,4727.924333001624,9421.03231439712,14463.54486280967,1.244401710736034
330.5681835590547,424.0418428508225,1312.714949726803,2153.605068394374,4735.457430486091,9416.651003615627,14466.76132872055,1.229890064615701
329.0082846930331,420.2559688604276,1312.217569643342,2159.632784700626,4743.049653552016,9412.399908432191,14470.11855959818,1.219312249505132
328.5620826511456,416.4658231462703,1311.688780685643,2165.748095658113,4750.698417737512,9408.280638632947,14473.6153170591,1.213387038639061
329.3101798272814,412.671491661092,1311.128696225685,2171.948963913307,4758.401099012685,9404.294706867206,14477.25031376873,1.212294455079586
331.3165910130614,408.8731080674866,1310.537485755625,2178.23293717371,4766.155053492143,9400.443597816944,14481.02237691441,1.215688057508968
334.6242863101706,405.0708594164543,1309.915366183508,2184.597508677446,4773.957622570685,9396.7286017505,14484.93040143141,1.222814344516845
339.2516094993524,401.2649850412434,1309.262587831925,2191.040106896053,4781.806192677406,9393.150938830724,14488.97315598277,1.232698666437444
345.1899890824753,397.4557700971383,1308.579418623797,2197.557957291035,4789.698168209927,9389.711758539424,14493.14916069359,1.244339648082918
352.4032060192291,393.6435362270325,1307.866129493509,2204.149471298282,4797.631061987568,9386.412107837335,14497.45678112651,1.256862525215065
360.8282838860994,389.8286316433631,1307.122982702019,2210.81191033231,4805.602458166089,9383.25301655895,14501.89445688437,1.269605277280979
370.3778731208287,386.0114220522447,1306.350223407365,2217.543392421301,4813.60997135959,9380.235391593782,14506.46083914478,1.282135401180165
380.9438526099889,382.1922829669552,1305.548074072068,2224.341510774121,4821.651283395596,9377.360168550551,14511.154702548,1.294211280160815
392.401788759308,378.3715934178851,1304.716731091017,2231.20414189972,4829.724118001601,9374.62829090129,14515.97472662157,1.305709417637692
404.615870836807,374.5497308907406,1303.856363152764,2238.128816363215,4837.826245028499,9372.040629647488,14520.91937476514,1.316539842510816
417.4439641519979,370.7270673727408,1302.967111045318,2245.113041088807,4845.955467686687,9369.59808856101,14525.98699466149,1.326569289600444
430.7424697442838,366.9039664909213,1302.049088727033,2252.155384832132,4854.109566745733,9367.301505960639,14531.17603330451,1.335566828764425
444.3707368807497,363.0807817725214,1301.102385465618,2259.25336132476,4862.286305367655,9365.151752907217,14536.48513893232,1.343180407767926
458.1948366173742,359.2578560045309,1300.127068749413,2266.405318208911,4870.483470104884,9363.149675326144,14541.91303959093,1.34894631053592
472.0905693500036,355.4355215427608,1299.123187574397,2273.608914015782,4878.698784435468,9361.296018299681,14547.45831866445,1.352328015651891
485.9456454484318,351.6141012786857,1298.090775675192,2280.862323562956,4886.92995773666,9359.591580832883,14553.11931552662,1.352777349980209
499.6610423844152,347.7939098708375,1297.029854327981,2288.163045139324,4895.174640350348,9358.037110731038,14558.89424910991,1.349809469042221
513.1515988350257,343.9752548179582,1295.940434500343,2295.508708309444,4903.430467549044,9356.633354226991,14564.78143235716,1.343083549930268
526.3459504388387,340.1584369995843,1294.822518331848,2302.897791139521,4911.695092089068,9355.38102578003,14570.77935100878,1.332482087324882
539.1859394244572,336.3437504338935,1293.676100177658,2310.327868307048,4919.966157220082,9354.280760067633,14576.88652212486,1.318182132929982
551.6256404649697,332.5314812114477,1292.501167725156,2317.797246863037,4928.241266751977,9353.333251852175,14583.10127516035,1.300710748106124
563.6301400230539,328.7219058857793,1291.297703989055,2325.303431100443,4936.518046404861,9352.539095736567,14589.42167880506,1.280973964472156
575.1741902377948,324.915290069196,1290.065691250841,2332.844627896959,4944.794097599493,9351.898828127172,14595.84568322791,1.260244353562081
586.2408357307473,321.1118885696025,1288.805118082996,2340.418066296901,4953.067021599183,9351.412955245478,14602.37132268817,1.240089404142226
596.8200866930881,317.3119489258468,1287.515990210593,2348.021260676901,4961.334390781612,9351.0818881817,14608.99675863024,1.222226179809247
606.9076872865845,313.5157202241464,1286.198344813397,2355.652314770923,4969.593706619442,9350.906034998845,14615.72010972579,1.2083031811
616.5040067947764,309.7234680490412,1284.852265976061,2363.30865860922,4977.842479579785,9350.885633046742,14622.53923778689,1.199639912597729
625.6130636451156,305.9354941622613,1283.477897113888,2370.988320104355,4986.078210465384,9351.020808702959,14629.45171014871,1.196988389441444
634.2416806273667,302.1521568691581,1282.075445780546,2378.688537716564,4994.29839172983,9351.311615767641,14636.45498257895,1.200395426328762
642.3987636501049,298.373886801307,1280.645178327957,2386.407476953677,5002.500530368562,9351.757925040567,14643.5466257474,1.209219279236431
650.0946947272786,294.6011942777752,1279.187405669684,2394.142206093818,5010.682162953785,9352.359531816213,14650.72437834508,1.222295318918781
657.3408298268008,290.8346677819266,1277.702464544493,2401.890366685473,5018.840871452458,9353.116073878504,14657.98599328607,1.238188575914571
664.1490916372106,287.0749661849858,1276.190699321737,2409.650053310088,5026.974342524803,9354.027144799955,14665.32905675682,1.255450493088708
670.531645993258,283.3228084990354,1274.652447726354,2417.419100162397,5035.080273667805,9355.092347555685,14672.75098440023,1.272816543687681
676.5006496274318,279.5789642106486,1273.088031489364,2425.195835334778,5043.156438938416,9356.311168405337,14680.24920898057,1.289318002133506
682.0680568690876,275.8442457462666,1271.497751224329,2432.977903047959,5051.200679186547,9357.683118687715,14687.82136962551,1.304311872538852
687.245473916402,272.1195033370735,1269.881884178908,2440.763981473388,5059.210900976418,9359.207668055113,14695.46530639954,1.31744881357127
692.04405091304,268.4056218551231,1268.240683614879,2448.551492288093,5067.185074256238,9360.884280123522,14703.17886355834,1.328602588627912
696.4744038052322,264.703519008735,1266.57437898776,2456.338529856738,5075.121198654539,9362.712414703894,14710.95970195738,1.337782224462009
700.546559547274,261.0141443962152,1264.883176522106,2464.123323090035,5083.017285401085,9364.691408628318,14718.80531110532,1.345044065253083
704.2699195452007,257.338479132137,1263.167260072184,2471.904121270667,5090.871420038696,9366.82064794417,14726.71320409837,1.350417015441344
707.6532372625805,253.6775359574772,1261.426792291516,2479.679383481768,5098.681701790825,9369.099483137601,14734.68108873589,1.353850592535548
710.7046066917616,250.0323598603827,1259.661916136652,2487.446961070651,5106.446223790582,9371.527220250691,14742.70683305695,1.355191632617497
713.4314589755093,246.4040292502019,1257.872756654806,2495.205719530312,5114.163089655452,9374.103171039824,14750.78825676136,1.354191548537573
715.8405649124128,242.7936576604108,1256.059422913526,2502.953184073369,5121.830365666585,9376.826564800269,14758.92296105162,1.350542301667194
717.938041455376,239.2023958462188,1254.222009879729,2510.687622029955,5129.446138216736,9379.696689163111,14767.10836951423,1.343936248895949
719.7293606628365,235.6314340391579,1252.360600082768,2518.407162201815,5137.008458626969,9382.712761152829,14775.34193415861,1.334143070110116
721.2193599179963,232.0820040697092,1250.475265016118,2526.110280022237,5144.5153226199,9385.873911357028,14783.62128892475,1.321095857974974
722.4122526129328,228.5553811098386,1248.56606644226,2533.79538092975,5151.964703946472,9389.179281073166,14791.9441879937,1.304977426956704
723.3116389192779,225.0528849605985,1246.633058053571,2541.460413862467,5159.354582684733,9392.627920819215,14800.30828845544,1.286295969280007
723.9205167450116,221.5758811624957,1244.676288279005,2549.104248275804,5166.682911727136,9396.21889231691,14808.7109980533,1.265935586112707
724.2412934805184,218.1257827739427,1242.695805327151,2556.724411426484,5173.94766728823,9399.951158350812,14817.1495393737,1.245162255611141
724.2757995400036,214.7040543998587,1240.691665621166,2564.319158249741,5181.146771682797,9403.823593107572,14825.62115675344,1.225562046309565
724.0253047172321,211.3122206970946,1238.663946272977,2571.88633579601,5188.278164803876,9407.83508053783,14834.12324325161,1.208891706737503
723.4905375912708,207.9518815514018,1236.612760832881,2579.424423647381,5195.339817425138,9411.984340781979,14842.65325100976,1.196839989301427
722.6717064431201,204.624734685525,1234.538275345689,2586.931539463847,5202.329704692666,9416.269998860393,14851.20847727488,1.190734332356502
721.5685179607189,201.3326034738719,1232.440719796959,2594.405561230781,5209.245836094062,9420.690525278735,14859.78595528461,1.191269556986553
720.1801889507756,198.0774645004247,1230.320390101938,2601.845185796444,5216.086285362044,9425.244261842941,14868.38257722568,1.19835316457078
718.5054477683246,194.8614683003456,1228.177638807424,2609.247966413858,5222.849202191367,9429.929522755454,14876.99534223275,1.211129599807602
716.5425258302212,191.6869491411597,1226.012857198861,2616.612243350979,5229.532856951175,9434.744454773618,14885.62149414247,1.228173539872096
714.2891430537042,188.5564241902705,1223.826454524955,2623.93588977434,5236.13558288562,9439.687198781048,14894.25842784163,1.247776474998607
711.742492213163,185.4725859313365,1221.618839822981,2631.21781091803,5242.655738481444,9444.755894044434,14902.90347754027,1.268231985267184
708.8992259832099,182.4382924566912,1219.390409267193,2638.456397322097,5249.091766894576,9449.948649969941,14911.55381667108,1.288052385000165
705.755448353343,179.4565588459911,1217.141539204495,2645.650102637826,5255.442127490216,9455.263612530098,14920.20657548195,1.306092527378455
702.3067105512935,176.5305508339893,1214.872583439061,2652.798024538552,5261.705328438435,9460.698829032825,14928.85905197272,1.32158896039357
698.5480110373179,173.6635804783783,1212.583872967992,2659.898314643396,5267.879892454028,9466.252393111525,14937.50879129,1.334136670471161
694.4737992958516,170.859102823696,1210.275716723757,2666.94975606106,5273.964361757879,9471.92240474882,14946.15344545832,1.343626620031926
690.0779836772626,168.1207124162205,1207.948402439405,2673.950493436476,5279.957335000559,9477.706892942631,14954.79055314288,1.350162912301104
685.3539441788993,165.4521386802273,1205.602197248665,2680.899861739206,5285.857480809302,9483.603927343409,14963.41746376704,1.353973699770302
680.2945516959273,162.8572394255584,1203.237347979643,2687.79641161461,5291.663461862721,9489.6115218603,14972.03148042753,1.355326717710128
674.8921958981209,160.3399920169762,1200.854081297042,2694.638940560863,5297.37399545748,9495.727750300903,14980.63006990834,1.354458447859341
669.1388245104009,157.9044819449392,1198.452603916727,2701.426594413834,5302.987807141571,9501.950676454204,14989.21091782631,1.351524513637207
663.0259974133985,155.5548886673141,1196.033103086583,2708.157806610579,5308.50366138428,9508.278273956796,14997.77176819673,1.346577103074574
656.5449596636037,153.2954686337777,1193.59574743667,2714.831418839171,5313.920358603778,9514.708574881972,15006.31020987543,1.339572571174804
649.6867382994515,151.1305353770287,1191.140688199211,2721.445552697033,5319.236667722667,9521.239552281128,15014.82362786302,1.330409001424107
642.4422686982715,149.0644365050838,1188.668060739769,2727.999626861965,5324.45135101963,9527.869179032103,15023.30936571073,1.318989883225626
634.8025573281797,147.1015274275765,1186.177986370064,2734.492100840328,5329.563179395928,9534.595390293958,15031.76492614742,1.305306643467873
626.7588890353912,145.246141775031,1183.670574553624,2740.921878776085,5334.570893841145,9541.416046291823,15040.18799685707,1.289529624533406
618.3030885297725,143.5025587901958,1181.145925861347,2747.287927314403,5339.47320520389,9548.32908141789,15048.57626983289,1.272093818950247
609.427847441658,141.8749685152511,1178.604136336366,2753.588814174193,5344.268784215427,9555.332332050788,15056.92723643776,1.253761738832395
600.1271300950732,140.3674363165326,1176.045304165952,2759.823262941388,5348.956247368778,9562.423577679037,15065.23816568748,1.235641510251474
590.3966726856801,138.9838689655903,1173.469539506254,2765.989288424671,5353.534258720591,9569.600548253462,15073.50628366365,1.219136052681501
580.2345913120923,137.7279846761159,1170.876977651858,2772.086235460766,5358.001463545743,9576.860857299298,15081.7289650293,1.205804456989571
569.6421134544912,136.6032885547551,1168.267794277444,2778.112414973416,5362.356530274562,9584.202100857363,15089.90373940143,1.197136206751785
558.6244441695393,135.613052520002,1165.642219502102,2784.066775175915,5366.598180013499,9591.621698012768,15098.02811360394,1.194274259571419
547.1917721590132,134.7602956064442,1163.00054616693,2789.94809823085,5370.725219932639,9599.116993676793,15106.09940881437,1.197761250182102
535.3604125326525,134.0477587654606,1160.343128464367,2795.755185754571,5374.736568847378,9606.685327523368,15114.11480123339,1.207396675669881
523.1540732312374,133.4778698441025,1157.670370304424,2801.486805115291,5378.631274200194,9614.323955917915,15122.07154617365,1.222260583664408
510.6052200348254,133.0526991192916,1154.98270682489,2807.141199679324,5382.408441871772,9622.030174342168,15129.96717290843,1.240893001733431
497.7564984612414,132.7739106564651,1152.280584611892,2812.717977468611,5386.067305849904,9629.801219499364,15137.79946345352,1.261560217320657
484.6621474601371,132.6427168500772,1149.564445391865,2818.215797268688,5389.607186279703,9637.634375803367,15145.56624544867,1.282523112265919
471.3893098899322,132.6598422780461,1146.834715366138,2823.634119121288,5393.027448549684,9645.527000786584,15153.26521564128,1.302246975616022
458.0191114559993,132.8255001418167,1144.091799901243,2828.972008961929,5396.327501639487,9653.47638374748,15160.89397244985,1.319530017255138
444.6473480270754,133.1393819195104,1141.336081993467,2834.22888961361,5399.5067384742,9661.47988475556,15168.45021665708,1.333556302062154
431.3845968956258,133.6006592427441,1138.567922732113,2839.40382527586,5402.564571499977,9669.534862381543,15175.93190333483,1.343891312493816
418.3555570966287,134.2079963315806,1135.787662374485,2844.495456997319,5405.5004436243,9677.638727198171,15183.33718038982,1.350439199916894
405.6974341836084,134.9595711999248,1132.995621177871,2849.503596976748,5408.313785029943,9685.788939048538,15190.66417149732,1.353376718563068
393.5572224234249,135.8531039613415,1130.192099598049,2854.427170380894,5411.004021413884,9693.982885229649,15197.91082502386,1.353074467579914
382.0878075309004,136.8858907609878,1127.377377809871,2859.265919223337,5413.570625249987,9702.218052067732,15205.07498207596,1.350013392109293
371.4429187482984,138.0548420709382,1124.551714745931,2864.018968311564,5416.01307568838,9710.4919229791,15212.15459010392,1.344703751286327
361.7710990349048,139.3565242859954,1121.71534699902,2868.686095389343,5418.330925130339,9718.801971781115,15219.14783614355,1.337614247117927
353.2090278917441,140.7872037179887,1118.868487995108,2873.266413322712,5420.523713085647,9727.14570273026,15226.05305758449,1.329119596090789
345.8747029338766,142.342892181476,1116.01132781482,2877.758764055063,5422.590987312617,9735.520568657632,15232.86851786647,1.319474355351985
339.8611289891828,144.0193933854113,1113.144033937819,2882.162893431729,5424.532333980067,9743.924125666923,15239.59227529802,1.30881849412759
335.2312301764867,145.8123493254472,1110.266753048599,2886.477803928656,5426.347358470905,9752.353897878706,15246.22227547957,1.297215921437074
332.0146446807644,147.7172858791533,1107.379613937642,2890.70324297704,5428.035652973062,9760.807368182486,15252.75656625659,1.284721553381707
330.2068607539576,149.7296569173025,1104.48273151891,2894.838167399206,5429.596817527544,9769.282059647108,15259.19340619791,1.271466514693064
329.7708280958473,151.8448864952621,1101.576212084338,2898.882416915206,5431.030413103882,9777.77542219663,15265.53114976637,1.257745598686075
330.6408034196971,154.0584090314358,1098.660160080153,2902.834896630133,5432.336020903393,9786.28492805641,15271.76802461006,1.244086746035377
332.7278623523867,156.36570766422,1095.734686784052,2906.694427776456,5433.51322080601,9794.807945426162,15277.90203094407,1.231279796929839
335.9263179236463,158.7623509648876,1092.79992108079,2910.460442281384,5434.561540578271,9803.341765128469,15283.93106822225,1.22034295064633
340.1202653122116,161.2440276291818,1089.856021878946,2914.131902608248,5435.480529443725,9811.883713221801,15289.85316247561,1.212413576905139
345.1896007044195,163.8065776316296,1086.903190574458,2917.708452293685,5436.26975849316,9820.431007027277,15295.66656685558,1.208568522297372
351.015076700623,166.4460170262243,1083.941680758387,2921.188951295921,5436.928872859175,9828.980858748613,15301.36964513862,1.209606472573375
357.4821876524782,169.1585530584678,1080.971801941923,2924.573416692025,5437.457613449646,9837.530429168135,15306.96067653984,1.215850529595053
364.4838735047535,171.9405874414695,1077.993915218898,2927.86084711114,5437.855802645483,9846.076875373397,15312.43780379237,1.227035213831325
371.9221650821155,174.7887084679535,1075.008421356289,2931.050458487662,5438.123357379997,9854.617442720639,15317.79919554364,1.242317531090025
379.7089650217584,177.6996756296338,1072.01574443747,2934.141838663684,5438.260350989198,9863.149308281507,15323.04326732332,1.260406245286211
387.7661780712365,180.6704018041067,1069.016315300013,2937.134483675956,5438.266915070674,9871.669730477148,15328.16873781121,1.27976345037927
396.0253891893301,183.6979372473345,1066.010558160548,2940.028440614594,5438.143271310281,9880.176032621177,15333.17446196435,1.298819029419206
404.4272545900145,186.7794575096146,1062.998881891293,2942.823002029714,5437.889674329024,9888.665580948278,15338.05920888439,1.31615168346351
412.9207325414086,189.9122553506217,1059.981675640668,2945.518688713747,5437.506421949971,9897.135844617877,15342.82160691978,1.330614592341998
421.4622452126911,193.0937355475623,1056.959307529194,2948.114845841294,5436.993874321345,9905.584258793338,15347.4603038984,1.341404431894817
430.014833553938,196.3214111835681,1053.932124968119,2950.611143140612,5436.352404158675,9914.008373402918,15351.97416778016,1.348083312943369
438.5473446962095,199.5929002163008,1050.900455402226,2953.007212801524,5435.582356493363,9922.405795496674,15356.36231266796,1.350565568393886
447.0336749493028,202.9059215207354,1047.864606666841,2955.302871478312,5434.684097521808,9930.774111491924,15360.6239181017,1.349079167003314
455.4520800111181,206.2582899918044,1044.824866519051,2957.49822387594,5433.657979153349,9939.110984813738,15364.75802565626,1.344108319271467
463.7845563486883,209.6479106300441,1041.781501220963,2959.592693151334,5432.504351587267,9947.414056524714,15368.76352080357,1.336321626524337
472.0162928841206,213.0727718252372,1038.73475333464,2961.586914165593,5431.223565617502,9955.681073656837,15372.63931557435,1.326489823250021
480.1351893166701,216.5309383104139,1035.684839146103,2963.480320223837,5429.815921265428,9963.909816817233,15376.38453759717,1.315398855595797
488.1314359905479,220.0205444625939,1032.631946349309,2965.272785128944,5428.281759164354,9972.098034341247,15379.99852381807,1.303767048072522
495.9971496606096,223.5397887249532,1029.576232736969,2966.963801840814,5426.621432069871,9980.24358321554,15383.48061876238,1.292177994525689
503.7260594141543,227.0869298587147,1026.517826602077,2968.553356286796,5424.835292187046,9988.344301650326,15386.82998023044,1.281041630893081
511.3132371036532,230.6602854849835,1023.456829328873,2970.041441849572,5422.92369065089,9996.398061086677,15390.04558743687,1.270593037968859
518.754866803772,234.2582330098668,1020.393320300022,2971.427503674535,5420.886984755249,10004.40270071347,15393.12643783593,1.260931501342604
526.0480480268412,237.8792126714434,1017.327363894682,2972.712068354353,5418.725534702947,10012.35598905969,15396.07172372789,1.252092687396413
533.1906277740234,241.5217322314456,1014.259018128647,2973.894511670263,5416.439767302129,10020.2557688318,15398.88080395912,1.244137300399745
540.1810569886073,245.1843727930347,1011.18834443323,2974.974696729009,5414.030081525308,10028.09979512964,15401.55300120107,1.23723316759537
547.0182675371927,248.8657952661797,1008.115418095302,2975.951812819924,5411.496908277541,10035.88580201273,15404.08744060081,1.231706282724189
553.701566311365,252.564746955136,1005.040338818377,2976.82585295508,5408.840723803121,10043.61151964771,15406.48310536776,1.228040773039027
560.2305432557015,256.2800674838904,1001.963240586009,2977.596589720345,5406.062045481993,10051.27463756119,15408.73906344544,1.22681824208815
566.6049900534357,260.0106928536721,998.8842995613933,2978.263515248434,5403.161449634802,10058.87291465382,15410.85464316139,1.228602789816136
572.8248260282832,263.7556561201251,995.8037384237595,2978.827091234208,5400.139547236839,10066.40402568838,15412.82939095606,1.23379620783046
578.8900279300551,267.514083381398,992.7218257307339,2979.286886242126,5396.996984385236,10073.86567326316,15414.66286968308,1.24250191382409
584.8005610013137,271.285184695024,989.6388698344422,2979.643047560307,5393.734513077987,10081.25564085969,15416.3545202568,1.254438145921488
590.5563100446728,275.068240932178,986.5552083149848,2979.894914755226,5390.352958979011,10088.57171795798,15417.90373887244,1.268926976829293
596.1570106285737,278.8625887556718,983.4711951376119,2980.042948458808,5386.85319078371,10095.81181082116,15419.31009388714,1.284961029232661
601.6021814357565,282.6676062471675,980.3871881351453,2980.087199142763,5383.236160216847,10102.97383399051,15420.57345512551,1.301326480679561
606.8910587626117,286.4827011088857,977.3035388402766,2980.02770413581,5379.502843925798,10110.0558173644,15421.69389591101,1.316749547771553
612.0225335272667,290.3073022628327,974.2205855773701,2979.865213092012,5375.654307028417,10117.05591180809,15422.67146084083,1.330036217252187
616.9950903162571,294.1408546403576,971.1386496603927,2979.59980551487,5371.691650241698,10123.97224762473,15423.50603183271,1.340185959442679
621.8067473757917,297.9828163319139,968.0580338872936,2979.232023140464,5367.615980578028,10130.80305700871,15424.19742283857,1.346472051622486
626.4549961611489,301.8326570721915,964.979022303672,2978.7614020847,5363.428430808721,10137.54658836574,15424.74559809086,1.348489268570561
630.9367390327685,305.6898571195861,961.9018802816923,2978.18870772618,5359.130182642079,10144.20116855267,15425.15078126369,1.346173041450737
635.2482238094677,309.5539057922368,958.8268541627904,2977.514043176272,5354.722413340462,10150.76519391287,15425.41333817781,1.339793942183152
639.3849740702689,313.424299155623,955.7541699534403,2976.737700286991,5350.20633246445,10157.23702634374,15425.53355093023,1.329929360959387
643.3417143118007,317.3005366038964,952.6840308265276,2975.86034496558,5345.583095870698,10163.61516716651,15425.51151477103,1.317412225581201
647.112289346818,321.1821163670772,949.616613493956,2974.882251782977,5340.85384592764,10169.89815330825,15425.34726027393,1.303256018786795
650.6895777279382,325.068530338437,946.5520639044746,2973.80399291101,5336.019726569641,10176.08455490334,15425.04096823041,1.288557358496863
654.0653995429092,328.9592590314542,943.4904931575907,2972.625050164919,5331.081823116528,10182.1729883179,15424.59304652358,1.274382565553057
657.2304196334222,332.8537678355213,940.4319748909799,2971.34617464115,5326.041179209246,10188.16202606525,15424.00398117473,1.261652119482294
660.1740480200657,336.751505853735,937.376545493316,2969.967285538508,5320.898809872185,10194.05033393496,15423.27410821306,1.251043809835924
662.8843398868981,340.6519082952135,934.3242081324942,2968.488689367104,5315.655714653512,10199.83652594606,15422.40353707954,1.242937291231706
665.3478977663088,344.5544026470146,931.2749407702569,2966.91072522772,5310.312923251553,10205.51917027619,15421.392301802,1.237416039649619
667.5497786554051,348.4584179177901,928.2287073363709,2965.233678819534,5304.87147924601,10211.09686833529,15420.24058335344,1.234327783713173
669.4734090121384,352.3633955349581,925.1854704949262,2963.457953269157,5299.332415834414,10216.56816534196,15418.94877681343,1.233386808472762
671.1005113068586,356.2688002847671,922.1452042554653,2961.582918243521,5293.696862002155,10221.93165874311,15417.51734246737,1.234288764505595
672.4110472419823,360.1741299890023,919.1079050246158,2959.609223875914,5287.965993727376,10227.18587913454,15415.94660775224,1.236805877949903
673.3831848107461,364.0789231261734,916.073600247532,2957.536683302927,5282.141077680162,10232.32933522907,15414.23673973263,1.240837793406522
673.9932987774498,367.9827640164879,913.042354227405,2955.365751944339,5276.223445097236,10237.3606193448,15412.38793134147,1.246406968987375
674.2160166605288,371.8852853698863,910.0142709120398,2953.096681810847,5270.214485525074,10242.27828171874,15410.40062100137,1.253602979926077
674.0243247223272,375.7861680366545,906.9894935049349,2950.730102694711,5264.115672439126,10247.08094144848,15408.275528546,1.262493461763815
673.3897507098686,379.6851378966772,903.9682008979906,2948.266610178189,5257.928571011272,10251.76723670087,15406.01347774885,1.273027754590319
672.282641960261,383.5819601101388,900.9506012597584,2945.705934166996,5251.654746586448,10256.33588155666,15403.61519442264,1.284960387413757
670.6725585483933,387.4764313902944,897.9369235863871,2943.048990998959,5245.29580720576,10260.78573644279,15401.08129017834,1.297814841107164
668.5288006499862,391.36837135344,894.9274084165121,2940.295898451492,5238.853367543954,10265.11564598715,15398.41244600688,1.310895807154197
665.8210861936478,395.2576141395714,891.9222990078941,2937.447544196403,5232.329064964484,10269.32456759488,15395.60959868032,1.323345064244169
662.520388106266,399.1440012985956,888.92183400677,2934.504323906861,5225.724583981434,10273.41152847505,15392.67392878709,1.334226874706484
658.5999291820307,403.027376495993,885.9262421317296,2931.467325526624,5219.041586877927,10277.37560534407,15389.60665391494,1.342625793354676
654.0363165322839,406.9075820949619,882.9357388514104,2928.337345643414,5212.281755441979,10281.21596866629,15386.40883414852,1.347742145988742
648.8107772551889,410.7844572760398,879.950524624171,2925.114466071977,5205.446817436883,10284.93175869527,15383.08138469597,1.348975414718529
642.9104341128422,414.6578371220865,876.9707840448006,2921.799704984932,5198.538524134941,10288.52224220935,15379.62527733955,1.345990554981096
636.3295376995749,418.5275520062257,873.9966851784172,2918.393357546217,5191.558641680937,10291.98675542671,15376.04171633937,1.338765155716802
629.0705541812372,422.3934266218075,871.0283783991017,2914.896519029379,5184.508953509544,10295.32464585042,15372.33210252164,1.327615873339612
621.1450001822485,426.2552780525968,868.0659941583174,2911.30955110791,5177.391217917271,10298.5353529814,15368.49781853279,1.313201148223749
612.5739232405822,430.1129124081874,865.1096392997014,2907.633773390918,5170.207255484094,10301.61830442388,15364.54005412794,1.296494885837719
603.3879497715628,433.9661198016367,862.1593918684174,2903.869969808278,5162.958854626707,10304.57302980307,15360.45984683239,1.278724191629539
593.6268615273945,437.8146679011653,859.2152948971665,2900.018402042991,5155.647767327364,10307.39906867433,15356.25828883337,1.261265675040029
583.33871095601,441.6582949711673,856.2773503746785,2896.079929722298,5148.275706255314,10310.09591247179,15351.93667595336,1.245501719490159
572.5785372667808,445.4967040905097,853.3455153185106,2892.054813017717,5140.844336271583,10312.66312897568,15347.49643560404,1.232651338866842
561.4067887695561,449.3295607205404,850.4197021575435,2887.944034065208,5133.355279039414,10315.10024529372,15342.93890123287,1.22360650536428
549.8875848586076,453.1564954985905,847.4997850121131,2883.747646293564,5125.810132622993,10317.4068105824,15338.26516483843,1.218815475099783
538.0869581982587,456.9771128368184,844.5856118566975,2879.466845418104,5118.210429186801,10319.58232787188,15333.4761626593,1.21824951544381
526.0712045110988,460.7910040505731,841.6770205863379,2875.102102241447,5110.557735558158,10321.62623441328,15328.5729134099,1.221465622218109
513.9054388303132,464.5977622948018,838.7738557438292,2870.65364116399,5102.853682594213,10323.53803905379,15323.55667402315,1.227745263610863
501.6524208780514,468.3969963353303,835.875982784939,2866.121998530153,5095.099950477366,10325.31717736689,15318.42886731178,1.236265124273338
489.3716761064865,472.1883410970518,832.9832980224209,2861.507431401383,5087.298316852305,10326.96309426858,15313.19087305482,1.246251569903935
477.1189084491417,475.9714642962755,830.0957339231193,2856.810925145664,5079.45061046564,10328.47526281559,15307.84391480912,1.257084224545549
464.9456786520076,479.7460695271952,827.2132604761478,2852.032583839538,5071.558760417415,10329.85317607174,15302.38917139219,1.268335185053494
452.8993084875302,483.5118966219146,824.3358836872956,2847.173884915378,5063.624802960044,10331.09645568265,15296.82800491669,1.279749165925311
441.0229650646305,487.2687200640974,821.4636421080353,2842.235537340238,5055.650830477945,10332.20470591808,15291.16207153424,1.291181831726699
429.3558790686221,491.0163460017408,818.596602018044,2837.218313008349,5047.638966544796,10333.17761877252,15285.39319981813,1.302518675686681
417.9336542362279,494.7546082130027,815.734851683118,2832.122962225204,5039.591408517992,10334.01499261464,15279.5231600684,1.313596534838946
406.7886310406516,498.483363326377,812.8784950718094,2826.95023646842,5031.510357681566,10334.71665013885,15273.55355940284,1.324145629770512
395.9502741207774,502.2024856542207,810.0276454727331,2821.701439685559,5023.398066584843,10335.28251951258,15267.48596527285,1.333763201723656
385.4455594914303,505.9118620747183,807.1824195004192,2816.376988297043,5015.256747721589,10335.71251939291,15261.32212189628,1.341922010315934
375.29934340556,509.6113874052506,804.342931927767,2810.97866163548,5007.088574853279,10336.00666938392,15255.06402718727,1.348010019721227
365.5346995796247,513.3009606133654,801.5092916208241,2805.507365570628,4998.895725712511,10336.16509058958,15248.71378298701,1.351393053263715
356.173215255266,516.9804820299679,798.6815986188544,2799.964248888229,4990.680366877668,10336.18789294848,15242.27336762389,1.351490569673387
347.2352393478606,520.6498515125451,795.8599421624916,2794.350038386046,4982.444638031275,10336.07529157835,15235.74456144014,1.347855433038144
338.7400779286559,524.3089672995396,793.0443992725818,2788.66571682134,4974.190682471739,10335.82752020412,15229.12909810811,1.340250334787936
330.7061337458612,527.957725122416,790.235033341244,2782.912585147805,4965.920620314907,10335.44489240532,15222.42888017388,1.328714996287707
323.1509876482913,531.5960170023,787.4318921187463,2777.091145929733,4957.636598314475,10334.92776995536,15215.64603089322,1.313618395824627
316.0914208441353,535.223729058931,784.6350044794797,2771.203185281461,4949.340789858759,10334.27646420142,15208.78272361522,1.29568857570705
309.5433781049526,538.8407376402329,781.8443754785859,2765.24962504527,4941.035313758825,10333.4913912651,15201.84096034095,1.276009466368498
303.5218735365032,542.446903239904,779.0599795663768,2759.231797993278,4932.722295589509,10332.57297080613,15194.82252201849,1.255971221447681
298.0408426850239,546.042062160286,776.2817525234793,2753.150267352127,4924.403831228632,10331.52163844593,15187.72913414878,1.237161090366538
293.1129478908296,549.6260168143513,773.5095837204648,2747.006096297761,4916.082004340985,10330.33784751536,15180.56266668073,1.221190485983901
288.7493481444968,553.1985268179541,770.7433113852336,2740.800385816488,4907.758874522313,10329.02199138642,15173.32515391734,1.209473847286971
284.9594498139413,556.7593040200773,767.982723956247,2734.533568062183,4899.43645244347,10327.57452538003,15166.0186108077,1.203002464543144
281.7506590131569,560.3080144344888,765.2275694988066,2728.207161546147,4891.116708595345,10325.99582082115,15158.64484035345,1.202177080012995
279.1281579535695,563.8442881321419,762.4775725015751,2721.821902558775,4882.801664827716,10324.28618488702,15151.20544218244,1.206757541598873
277.094725120484,567.367735219479,759.7324544170912,2715.379074410655,4874.493327657783,10322.44593493506,15143.70202991036,1.215949747920301
275.650613535603,570.8779638075866,756.9919529395892,2708.878968493158,4866.193746791037,10320.47534293971,15136.13645014376,1.228598295821227
274.7934952435737,574.3745957249358,754.2558360571879,2702.322690718603,4857.90500458271,10318.37476098215,15128.51079484025,1.243418825034154
274.5184753864759,577.8572774227199,751.523909431603,2695.711233459174,4849.629235549664,10316.14452304346,15120.82720924163,1.259203764433704
274.8181758212562,581.3256857004692,748.7960179649259,2689.045246500896,4841.368673402166,10313.7850090133,15113.08770536315,1.274960422663874
275.6828851573428,584.7795293474619,746.0720435131062,2682.326324050461,4833.125603663905,10311.29672857824,15105.29417849172,1.289970867589719
277.1007686700094,588.2185482371666,743.3519006607293,2675.5555312826,4824.902335254757,10308.68019832685,15097.44860919766,1.303784596116326
279.0581279680793,591.6425111556323,740.6355318603903,2668.734594962807,4816.701242576339,10305.93602718574,15089.55323645134,1.316164689933232
281.5396972410715,595.0512131483104,737.9229025822987,2661.864093115315,4808.524742085924,10303.06484144106,15081.61051642383,1.327009559546656
284.5289610180071,598.4444727353654,735.2139966706059,2654.945613414893,4800.37527909646,10300.06733576565,15073.62290251176,1.336269820127933
288.0084779500333,601.8221290881952,732.5088119031726,2647.980395185589,4792.255335634673,10296.94432330551,15065.5926685198,1.343875879545605
291.960196136314,605.1840391750891,729.807355734336,2640.969569446157,4784.167347467579,10293.69659328386,15057.52195143071,1.349687360378422
296.3657476361234,608.5300749123752,727.1096412675954,2633.91488710712,4776.113785247258,10290.32503876298,15049.4129630542,1.353470750682217
301.2067126024854,611.8601204266374,724.4156835704317,2626.817770649126,4768.097109576137,10286.8306120586,15041.26814396014,1.3549069748636
306.4648464708704,615.1740695816119,721.7254964522291,2619.680255679105,4760.119741939457,10283.21431791048,15033.09009427747,1.353626446303407
312.1222664540753,618.4718239130241,719.0390897605581,2612.503089271372,4752.184050387931,10279.47723751658,15024.88134742623,1.34926617560025
318.1615959705365,621.7532910356041,716.3564671220636,2605.288098337881,4744.292351964373,10275.62040794184,15016.64421707174,1.341541889394087
324.5660674370602,625.0183834473783,713.677623888663,2598.036528803924,4736.446903660988,10271.6449625395,15008.38087150684,1.330327552651679
331.3195850614126,628.2670174725023,711.0025448792377,2590.749736270147,4728.649964404305,10267.55206430193,15000.09355395805,1.315734397964593
338.4067499185427,631.4991118715509,708.3312013658156,2583.429326588964,4720.903708355317,10263.34286629854,14991.78471479969,1.298180564878884
345.8128497790762,634.7145854334061,705.6635466915528,2576.076818265162,4713.210270256064,10259.01858339722,14983.45691297599,1.278439961582224
353.5238160282809,637.9133527098035,702.9995100149657,2568.694233212891,4705.571773729388,10254.58040307951,14975.11258212628,1.257654988884439
361.5261497999942,641.0953171026663,700.3389880924386,2561.282263852816,4697.990303621032,10250.02959493718,14966.75389674118,1.237293970940152
369.806819481809,644.2603609923141,697.6818358849818,2553.842675205573,4690.467929929026,10245.36740751836,14958.38286966564,1.21903472862936
378.3531323566718,647.4083337112517,695.0278580810116,2546.376478480094,4683.006671595377,10240.59501523644,14950.00157398504,1.204567122576992
387.1525843653519,650.5390398238764,692.3768048904423,2538.885003920303,4675.60850981047,10235.71361458426,14941.61225713619,1.195334200136464
396.1926931342595,653.6522316086794,689.7283756656939,2531.369474288758,4668.275456292478,10230.72431645631,14933.21723356271,1.192268341454886
405.460819170625,656.7476095583892,687.0822320576912,2523.831328506562,4661.009552768021,10225.62822454057,14924.81867946501,1.195604399241737
414.9439775051678,659.8248323266353,684.438018789583,2516.272415345973,4653.812843408509,10220.42638715587,14916.41856058315,1.204840076696008
424.6286378756802,662.8835338237653,681.7953867792125,2508.693403961614,4646.687443049041,10215.11982068894,14908.01878883512,1.218860081726817
434.5005082967568,665.9233424841024,679.154012607951,2501.096069208191,4639.635475426801,10209.70965344868,14899.62146494683,1.236175516385045
444.544296590735,668.9438977627681,676.513610587356,2493.481465161687,4632.659133296364,10204.19700221187,14891.22897069162,1.255194879354104
454.7434469649191,671.944861149923,673.8739370574438,2485.851271325027,4625.760620060227,10198.5830504306,14882.8438234252,1.274452577420972
465.0798522463353,674.9259215744597,671.2347889452625,2478.206826501612,4618.942110869305,10192.86903805051,14874.46844558216,1.292756466851326
475.5335454775536,677.8867966439459,668.5959992814314,2470.550044744544,4612.205776562746,10187.056246808,14866.10508396252,1.309250801684093
486.0823769787355,680.827231531603,665.9574318328458,2462.883111803074,4605.553810396729,10181.14607874621,14857.75595526563,1.323411124960084
496.7016852230647,683.7469969535119,663.3189760836885,2455.207194722912,4598.98838734102,10175.13991255488,14849.4234576553,1.334993620800042
507.36397258395,686.64588709889,660.6805430080565,2447.524400156108,4592.511700862427,10169.03920870296,14841.11022058371,1.34395961739308
518.0386005678258,689.5237178767128,658.0420615930639,2439.836076081159,4586.125903504048,10162.84551844955,14832.81893328404,1.350391794709473
528.6915236164525,692.3803255165668,655.4034758621129,2432.14430538857,4579.833139972438,10156.56042049957,14824.55212358417,1.354414881787474
539.2850857452089,695.2155654030904,652.7647421259442,2424.450514886388,4573.635585365557,10150.18558899013,14816.31211030332,1.356130735470837
549.7779097020732,698.0293109912277,650.1258262678265,2416.756951891992,4567.535364699613,10143.72267814361,14808.10117343957,1.355575206283617
560.1249131898379,700.8214526970032,647.4867009792886,2409.065926156268,4561.534574436379,10137.17342315756,14799.92175954779,1.35270155564125
570.2774898341287,703.5918967384658,644.8473429511307,2401.378936333913,4555.635268823902,10130.53962040028,14791.77650422612,1.347392181899997
580.1838925007513,706.3405639686657,642.2077300539667,2393.698188104139,4549.83945991185,10123.82302966862,14783.66804290134,1.339497240831423
589.7898515628455,709.0673887597997,639.5678384952556,2386.025175118839,4544.149121296738,10117.025480165,14775.59880169305,1.328895794652521
599.0394491959743,711.7723179388167,636.9276398208912,2378.362182662044,4538.566154636698,10110.14879290902,14767.57097995735,1.315572626226889
607.8762517553216,714.45530963058,634.2870974679523,2370.71058680574,4533.092328882006,10103.19485347975,14759.58673794799,1.299701643488265
616.2446760297762,717.116331641407,631.6461624234885,2363.072774414945,4527.729370754911,10096.16557319944,14751.64838874834,1.2817243065044
624.0915337908834,719.7553587461248,629.0047674831848,2355.450963146108,4522.478900598848,10089.06280117813,14743.75838968367,1.262408118692245
631.3676668290013,722.3723680100295,626.3628197562708,2347.846781080402,4517.342468452609,10081.88845455521,14735.91913564093,1.242866021786528
638.0295576978308,724.9673312571991,623.7201915889262,2340.262240042556,4512.321542979317,10074.64440732783,14728.13276359636,1.224514440833973
644.0407864823306,727.5402042594473,621.076711091456,2332.698716541176,4507.417514441683,10067.33250268568,14720.40116717362,1.208950468557914
649.3732067073935,730.0909134102507,618.4321548074466,2325.158342978637,4502.63175553522,10059.95454292703,14712.7262069154,1.197743923178165
654.0077363060516,732.6193424452226,615.7862460870145,2317.64216146972,4497.965653176367,10052.51223893002,14705.10990385136,1.192171139556794
657.9346996498413,735.1253233150113,613.1386623049207,2310.152386717743,4493.420569635859,10045.00734629976,14697.5544287708,1.192955458778969
661.1537063050656,737.6086352034373,610.4890514810527,2302.690927280407,4488.997908484948,10037.44155255158,14690.06191638698,1.200099983213773
663.6731011586535,740.0690131615934,607.8370549985891,2295.25946810372,4484.699122197295,10029.81652979595,14682.63431834298,1.212876757062895
665.5090599564288,742.5061640371426,605.1823304084038,2287.85987778944,4480.525712060955,10022.13400432334,14675.27346658367,1.229976287134392
666.6844292708765,744.9197847763676,602.5245686970864,2280.493696199243,4476.47925407595,10014.39570887317,14667.98129588105,1.249759043225716
667.2274195476226,747.3095782987098,599.8635033985079,2273.163288385897,4472.561289443554,10006.6034852482,14660.76000126925,1.270524773422756
667.1702556341098,749.6752643260598,597.1989122766973,2265.869967474479,4468.773353772531,9998.759170663861,14653.61196654112,1.290732444703314
666.5478740292959,752.0165849951514,594.5306141816135,2258.616386863585,4465.116965760942,9990.864656672884,14646.5395310447,1.309140390879545
665.3967341495448,754.3333065603651,591.8584638379214,2251.404793384146,4461.593591075392,9982.921952222376,14639.54482683788,1.324867716945737
663.7537867651724,756.6252188654636,589.1823465270792,2244.237499741454,4458.204615608819,9974.93307582878,14632.62984423413,1.337393994662586
661.655620335717,758.8921339710873,586.5021736530236,2237.11664672081,4454.95135770372,9966.900136405962,14625.79664799732,1.346517424775969
659.1377877418232,761.1338848267092,583.817879441622,2230.044208800257,4451.835035754569,9958.825252391489,14619.04751153107,1.352288553648972
656.2343028398323,763.3503244222942,581.1294185892482,2223.022804982714,4448.856867001533,9950.71060252229,14612.38482334917,1.354932380489269
652.9772881664406,765.5413255247335,578.4367644813163,2216.053950306981,4446.017995189407,9942.558453195588,14605.81085737689,1.354768610421962
649.3967511610876,767.7067808947804,575.7399075635782,2209.140454183504,4443.319496309555,9934.371020667126,14599.32764038029,1.352138265903229
645.5204653899965,769.846603769983,573.0388535063282,2202.284579291145,4440.76240466938,9926.150587226188,14592.93704925469,1.347344236990356
641.3739344264334,771.9607283694345,570.333620913056,2195.488884714366,4438.347697891969,9917.899453399574,14586.64103194191,1.340612694400749
636.980418419385,774.0491102099569,567.6242384540487,2188.75541067728,4436.076311773329,9909.619949102902,14580.44171741701,1.332080812722187
632.3610063288763,776.1117260956688,564.9107414118916,2182.086237582193,4433.949125394837,9901.314453080378,14574.34129509869,1.321813581511564
627.5347198706746,778.1485737159027,562.1931676718987,2175.483897278499,4431.966909538072,9892.98528570481,14568.34178347451,1.309848751732999
622.5186380951986,780.1596708139579,559.471553156915,2168.949877672967,4430.130373669312,9884.634841048432,14562.444922312,1.296264648734923
617.3280340346499,782.1450538303652,556.7459266086438,2162.486864842519,4428.440173610525,9876.265506508082,14556.652295291,1.281261165878949
611.9765168810619,784.1047757617231,554.016303516573,2156.096931991473,4426.8968453324,9867.879623936693,14550.96555064183,1.265239968598593
606.4761746687001,786.0389027366894,551.2826789937541,2149.782650041667,4425.500847230233,9859.479537961208,14545.38648692622,1.248865871049747
600.8377134666952,787.9475085904081,548.5450196316121,2143.545752724132,4424.252496123614,9851.0675104196,14539.91691201626,1.233088067347678
595.0705897950372,789.8306667056767,545.8032549568999,2137.388214716455,4423.152034997464,9842.645831988666,14534.55842173304,1.2190994655488
589.1831336673433,791.6884388425086,543.0572700600785,2131.312230759341,4422.199651604283,9834.21672837985,14529.31233083299,1.208218873501206
583.1826607690617,793.5208617833996,540.3069019536324,2125.319083272323,4421.395466908391,9825.782338928955,14524.17983663672,1.201698756060985
577.0755741141284,795.3279341916525,537.5519425352323,2119.411108902952,4420.739559045662,9817.344820208942,14519.16225870552,1.200490603342466
570.8674578372013,797.1096073058861,534.79214986672,2113.590078488422,4420.232048593717,9808.906264896586,14514.26112384865,1.205029635402671
564.5631675276555,798.8657828409753,532.0272667553243,2107.858497201771,4419.873069038243,9800.468793727096,14509.47802694451,1.215110033368127
558.1669214541471,800.5963192804684,529.2570426122701,2102.217875216597,4419.662824150106,9792.034502526862,14504.81442949023,1.229896335685047
551.6823949595417,802.3010446647586,526.4812532293133,2096.670275499736,4419.601518865614,9783.605488457828,14500.27161638827,1.248065396505554
545.1128175435076,803.9797719009262,523.6997143732483,2091.217858062509,4419.689345137929,9775.183971574244,14495.85086111984,1.268027038707722
538.4610704399483,805.6323126403618,520.9122879480891,2085.862155660973,4419.92652391823,9766.772170842352,14491.55362505714,1.28815597463097
531.7297825379255,807.2584873839653,518.1188820469266,2080.605605761742,4420.313243645799,9758.372377791013,14487.38157643981,1.306983202289984
524.921423709354,808.8581313771131,515.3194473894433,2075.45018470975,4420.849639600969,9749.986932146692,14483.33639756866,1.323323583436149
518.0383960171323,810.4310971181956,512.513972503544,2070.398719538333,4421.535783792557,9741.618211688165,14479.41956881309,1.336339910990808
511.0831242876081,811.9772547545779,509.7024792350273,2065.452832917957,4422.371660751831,9733.268692906753,14475.63234265001,1.345555697567463
504.0581480458069,813.4964915502387,506.885019341044,2060.614834587772,4423.357185253048,9724.940801227845,14471.97592665593,1.35083121950097
496.9662169892857,814.9887113013983,504.0616723045163,2055.886855786739,4424.49220594684,9716.637007704061,14468.45167868261,1.352314868075623
489.8103921977159,816.4538342452582,501.2325441260304,2051.270581325194,4425.776415623878,9708.35982293204,14465.06110715797,1.350378469223898
482.594155250718,817.8917977226255,498.3977666451594,2046.768289297374,4427.209437267178,9700.111746629647,14461.8056715758,1.345542981071986
475.3215273961532,819.3025576212775,495.5574968540822,2042.381874279201,4428.790794878196,9691.89533398095,14458.68658612995,1.338400480207203
467.9972008768626,820.6860904319291,492.7119156647153,2038.114087814871,4430.519947067116,9683.713089724924,14455.70482506984,1.329539302102809
460.6266844810794,822.0423955935349,489.8612256735988,2033.966316092424,4432.396281137359,9675.567575756162,14452.8613192369,1.319480709668247
453.2164653388565,823.3714977080341,487.0056476333831,2029.94071249242,4434.419088048852,9667.461380315244,14450.15713366637,1.308636278392885
445.7741889663915,824.6734481892003,484.1454155590849,2026.038988800563,4436.587577080182,9659.397023587258,14447.59343635856,1.297294086063687
438.3088595793488,825.948325979411,481.2807706154271,2022.262604663888,4438.90093625462,9651.377043553362,14445.17128499217,1.285638094391922
430.8310627348649,827.1962370880552,478.4119540846547,2018.613263633587,4441.35825923389,9643.40390677368,14442.89144834604,1.27379905732294
423.3532123372018,828.4173128098932,475.5391997692923,2015.092404833395,4443.958574898673,9635.480081630307,14440.75444415393,1.261928046844076
415.8898238123546,829.6117065057119,472.6627261728541,2011.702275735274,4446.700846330015,9627.607992730176,14438.7607529124,1.250276851553191
408.4578146604616,830.7795887544856,469.7827288217104,2008.44369424471,4449.583967547368,9619.78994997714,14436.91098670017,1.239264578757211
401.0768325104981,831.9211405862897,466.8993732655741,2005.318309854994,4452.606826857557,9612.028282895702,14435.20584199445,1.229508089104466
393.7696092066151,833.0365445393701,464.0127896842163,2002.327157398468,4455.768243372117,9604.32524253846,14433.64589285051,1.221796934372366
386.5623374376109,834.1259736489982,461.1230705309964,1999.471294584983,4459.066978811253,9596.683033757266,14432.23145004768,1.217003134893056
379.485064085564,835.189579261777,458.2302729245042,1996.751757001798,4462.501780243501,9589.103806934545,14430.96264643087,1.215933395526223
372.572091693508,836.2274795773792,455.3344270860132,1994.169579248488,4466.071390284873,9581.589626818068,14429.83967592791,1.219153340376006
365.8623756011764,837.2397514868888,452.4355507465165,1991.726618675648,4469.774542080904,9574.142614793976,14428.86295438403,1.226831121619325
359.3998982587674,838.2264279493488,449.5336674808851,1989.423431244976,4473.609993983378,9566.764840883103,14428.03304872636,1.238649407405385
353.2339930577213,839.1875016602753,446.6288253912097,1987.261507648953,4477.576459592857,9559.458383751555,14427.35045671082,1.253814660282623
347.4195778811516,840.1229337842609,443.7211124498219,1985.241660775197,4481.672699942559,9552.225384949652,14426.81546807096,1.271159107662215
342.0172451033835,841.0326651340455,440.8106662273079,1983.365010025207,4485.897474695003,9545.067998768673,14426.42824762545,1.289301904992065
337.0931424666169,841.9166270255677,437.8976777859659,1981.632362541487,4490.24951041136,9537.988479652975,14426.18904532373,1.306825471225869
332.7185707718638,842.7747499141368,434.9823911191903,1980.044727842641,4494.727499688638,9530.989049989124,14426.09830432086,1.322431042176677
328.9692223173675,843.606969122786,432.0651001379665,1978.60378247423,4499.330092962357,9524.071950765107,14426.15654322051,1.335054289830346
325.9239915543911,844.4132279245947,429.1461449982778,1977.309953934439,4504.05590097297,9517.239483216059,14426.36412472876,1.343937125685739
323.6633098416719,845.1934787344826,426.2259089667407,1976.164492781751,4508.903521106925,9510.493901282167,14426.72114224041,1.34866065678116
322.2669920470094,845.9476832877989,423.3048163960125,1975.167824633882,4513.871458657132,9503.837492358456,14427.22753643234,1.34914689342043
321.8116341271158,846.6758126036381,420.3833318870118,1974.32083515638,4518.958147509188,9497.272496426467,14427.88331607009,1.345635668300899
322.3676634409335,847.3778473774578,417.4619603649805,1973.623769367394,4524.161983778976,9490.801173210628,14428.68865069973,1.338640846524761
323.9962079302655,848.0537792734706,414.5412475474745,1973.077264527958,4529.481263554967,9484.425827898078,14429.6437352406,1.328888110468238
326.746002775962,848.7036133877547,411.6217801026436,1972.682446005715,4534.914216396476,9478.148677507605,14430.74856326095,1.317236512659181
330.6505793131839,849.3273719018113,408.7041846981022,1972.43933919764,4540.458945495973,9471.97195949345,14432.00283869977,1.304588099420217
335.72597085087,849.9250986330165,405.7891251808385,1972.348654026099,4546.113457666522,9465.897866861007,14433.40611229475,1.291793936170313
341.9691226778311,850.4968638518724,402.8772973725858,1972.410205989244,4551.875706412273,9459.92855751539,14434.95799470047,1.279569464679162
349.3571188549151,851.0427684746703,399.9694214272792,1972.624385911462,4557.743586176838,9454.06615815372,14436.6582201968,1.26843490277922
357.8472542643268,851.5629466766595,397.0662322871771,1972.990637108669,4563.714901391082,9448.312657813582,14438.50649070118,1.258694745973351
367.3779061208984,852.0575661735732,394.1684693009311,1973.50895033921,4569.787444573289,9442.670047156858,14440.50226112275,1.250463080140376
377.8701083283797,852.5268258324352,391.2768663298112,1974.179579162962,4575.958957296136,9437.140239973935,14442.64469018313,1.243729768961019
389.2297082571085,852.970950724335,388.3921435885957,1975.00187469595,4582.227210705229,9431.725050576679,14444.93281363105,1.238450516309294
401.3499826493762,853.3901850405321,385.515002150835,1975.975699954327,4588.589979781164,9426.426241770725,14447.36576862048,1.234635766813873
414.1145959421891,853.784783392725,382.6461217078021,1977.10006674792,4595.045021987587,9421.245447726513,14449.94284866837,1.232412223814928
427.4007891264699,854.1550010019479,379.7861619632552,1978.374717026559,4601.590136460041,9416.184298312104,14452.66334568907,1.232036825727745
441.0826839676322,854.5010833251442,376.9357679479037,1979.79830889362,4608.223171807991,9411.244330142259,14455.52635808627,1.233854930006245
455.0345763780952,854.8232558899585,374.0955793553973,1981.370319985898,4614.942001975948,9406.426988230058,14458.53077779316,1.238209766450804
469.1340800938097,855.1217154426837,371.2662435281548,1983.090402579048,4621.744532687336,9401.733740511296,14461.67548228865,1.24532534829434
483.2649763290765,855.3966237118428,368.4484309435679,1984.957682514003,4628.62865660691,9397.166008080527,14464.95954093036,1.255195047731952
497.3196343227168,855.6481048668536,365.6428512607558,1986.971685881749,4635.592260240644,9392.725262158106,14468.38222650029,1.267508149224056
511.2008949254401,855.8762470284892,362.8502676474379,1989.131249457821,4642.633264471435,9388.412949207472,14471.94281955572,1.281635460207624
524.8233523543884,856.0811072187653,360.0715075129728,1991.436045863838,4649.749523274514,9384.230503060202,14475.64040414627,1.296676745702555
538.1140209620651,856.262718368091,357.307468799774,1993.884538069556,4656.938872633566,9380.179440992973,14479.47385851648,1.311555540426496
551.0124249971093,856.421096754394,354.5591221550297,1996.476139908962,4664.199115371354,9376.26121913511,14483.44204055732,1.325137719228134
563.4701911857773,856.5562485414105,351.8275101343942,1999.210212284,4671.528042799986,9372.47729916803,14487.54396511582,1.33635072879367
575.450250897501,856.6681746670479,349.1137448716497,2002.085827888592,4678.923442703517,9368.829112782094,14491.77878030774,1.344287272981619
586.9257690873984,856.756873923348,346.419005473072,2005.102147497545,4686.38307920099,9365.318065667323,14496.14556011623,1.348285554752018
597.8789131081757,856.8223445007445,343.7445359851545,2008.25770863112,4693.904656762105,9361.945605401374,14500.64312323261,1.347984363777003
608.2995599876339,856.8645845153446,341.0916443303266,2011.55181747933,4701.48590800818,9358.71307390724,14505.27006235735,1.343354127910442
618.1840206097233,856.8835921522995,338.4617021978841,2014.982442769375,4709.124531761246,9355.62181282759,14510.0249507481,1.334704963253056
627.5338375739011,856.87936610317,335.8561455229656,2018.548558325779,4716.818204892249,9352.67314622262,14514.90650890412,1.322670959441417
636.3546933142069,856.851906976817,333.2764748599011,2022.248885842162,4724.564567569589,9349.868328378883,14519.91355518841,1.308167869054488
644.6554480168421,856.8012202943432,330.724254658232,2026.082145526965,4732.361187322917,9347.20859849052,14525.04478756596,1.29232063646499
652.4473135762796,856.7273214641044,328.2011102525646,2030.046864027221,4740.205608642404,9344.695063159377,14530.29861743436,1.276359501519532
659.7431601365577,856.6302426905538,325.7087214404179,2034.141105129213,4748.095321945108,9342.328811590427,14535.67322234302,1.261490004197687
666.55694519558,856.5100410947201,323.2488120344198,2038.363617092445,4756.027720108568,9340.110879926791,14541.16675761233,1.248752645543077
672.903251306732,856.3668065817787,320.823135803592,2042.71178555354,4764.000133624797,9338.04216441633,14546.77750438342,1.238898662257012
678.7969167303035,856.200667537269,318.433460522574,2047.184015095634,4772.009862023786,9336.123509253104,14552.5038008927,1.232312883604367
684.2527436498139,856.011792634124,316.0815528566488,2051.77830639583,4780.054183236614,9334.355614493164,14558.34383384216,1.229007057516764
689.2852702726893,855.8003879562391,313.7691669241838,2056.492964487478,4788.130429609552,9332.739121901706,14564.29551598058,1.228687343808077
693.908595501514,855.5666899019882,311.4980384407534,2061.325858215282,4796.235918731224,9331.274566401684,14570.35659102824,1.230875902616919
698.1362470758261,855.3109553032895,309.2698848388621,2066.274651894937,4804.368043221696,9329.96231781746,14576.52487286546,1.235050096191635
701.9810856790973,855.0334504835567,307.0864104394188,2071.3376434873,4812.524285528618,9328.802735595076,14582.79838763396,1.240760697626312
705.4552385120937,854.7344406479757,304.9493151186505,2076.511920195651,4820.702201908948,9327.796087977425,14589.17528582945,1.247701300092743
708.5700565729982,854.4141804321514,302.8603049360545,2081.79564143416,4828.899410660075,9326.942613627947,14595.65362792146,1.255718162768638
711.3360906449618,854.0729059930967,300.8211035005238,2087.186545608652,4837.113594786146,9326.242517493329,14602.23127369331,1.264766339023223
713.7630818554956,853.7108288472776,298.8334631013378,2092.683024389059,4845.342468994414,9325.695943731014,14608.90599465492,1.274830197817997
715.859963538203,853.3281316590925,296.8991746929858,2098.282834878567,4853.583836488484,9325.303111051415,14615.67569270181,1.285832825451201
717.6348718342647,852.9249661801285,295.0200758002385,2103.983796956856,4861.835504132639,9325.064173395576,14622.53849553374,1.297558881989844
719.0951629174592,852.501453399717,293.1980554969822,2109.784220131344,4870.09525366043,9324.979261459013,14629.49262378522,1.30960976107509
720.2474349349312,852.0576856830655,291.4350559308024,2115.681347649434,4878.360870517043,9325.048510907904,14636.53616063763,1.321400186928167
721.0975528518866,851.5937303542438,289.7330703743496,2121.673379140896,4886.630096820442,9325.272005905923,14643.66695412121,1.332194820459541
721.6506745185213,851.1096339709924,288.0941383127616,2127.758014825688,4894.90066379526,9325.649872374483,14650.88274566667,1.341175352563018
721.9112765250852,850.6054265204336,286.5203384389844,2133.93380552331,4903.170263204057,9326.182142397201,14658.18138345665,1.34752487989078
721.8831787677011,850.0811249259801,285.0137805313448,2140.198399247973,4911.436534895812,9326.86882202815,14665.56089344356,1.35051693023775
721.5695670474418,849.5367355175623,283.5765970506338,2146.549691692142,4919.697117950901,9327.709932860716,14673.01932950056,1.349599601647124
720.9730134009967,848.9722553961561,282.2109350046262,2152.985825623146,4927.949682110149,9328.705403357599,14680.55455541876,1.344468760923739
720.095494181902,848.3876728731879,280.9189482741627,2159.504042370537,4936.191863870708,9329.855147353599,14688.16418224516,1.335126488195371
718.9384061851024,847.7829673831667,279.7027902241642,2166.102332983792,4944.421325476622,9331.158966425672,14695.84572436298,1.321921176458018
717.5025813619378,847.1581094739238,278.56460604268,2172.778155993685,4952.635692196388,9332.61662454272,14703.59680942048,1.305563917277623
715.7883009209697,846.5130616807564,277.5065238653702,2179.529961379093,4960.832610107369,9334.227872263293,14711.41522106123,1.287112809360037
713.7953098132799,845.847781242121,276.5306434124116,2186.355078837014,4969.009738516254,9335.99231516278,14719.29872534067,1.267914375300603
711.5228326340251,845.162225579916,275.6390207688783,2193.251257424382,4977.164697349774,9337.909533251703,14727.24485613957,1.249492356006241
708.9695916329168,844.4563610336198,274.8336483842268,2200.216232243261,4985.295071936013,9339.979009912491,14735.25087724638,1.233382496823104
706.1338266523753,843.7301743389102,274.1164306399614,2207.247055714395,4993.398454857733,9342.200147575923,14743.31395829823,1.220929589326071
703.0133155262224,842.9836849180188,273.4891573545708,2214.341275317486,5001.472415966496,9344.572259311577,14751.4313836039,1.213086057187358
699.6053923851148,842.216954852376,272.9534795567923,2221.495959159391,5009.5145459341,9347.094454886388,14759.6005848132,1.210267351297936
695.9069613173864,841.4300933674252,272.5108924271408,2228.709298396639,5017.522433201777,9349.76579553822,14767.81897679771,1.212313030087874
691.9145043601206,840.6232542042745,272.1627286299566,2235.978300756707,5025.493673033318,9352.585224924544,14776.08378504406,1.218569325042169
687.6240852107773,839.7966266824067,271.9101619881732,2243.300654349471,5033.425966215053,9355.551579235853,14784.39206337245,1.228064796407142
683.0313520216166,838.9504231541467,271.7542184606281,2250.673913398786,5041.317069966527,9358.663660404449,14792.74090229317,1.239720792665846
678.1315432570524,838.0848659662524,271.6957902048147,2258.095352375655,5049.164820005778,9361.920180157278,14801.12762651752,1.252537063846512
672.919500014271,837.200176157528,271.7356492299121,2265.562571807946,5056.967123353929,9365.319906839997,14809.5497861066,1.265713976983012
667.3896872523925,836.2965648030612,271.8744587444176,2273.072893433338,5064.72195673207,9368.861562976404,14818.00495435881,1.278699948901557
661.536225765247,835.3742269106186,272.112781719925,2280.624856679205,5072.427376915244,9372.5438180584,14826.49054133675,1.291173447717843
655.3529367253606,834.4333373329039,272.451086956073,2288.215802040006,5080.081525841213,9376.365380994695,14835.00381275215,1.302979684727227
648.8334011244835,833.474048156022,272.8897531089721,2295.843874739257,5087.682533813632,9380.324906759375,14843.54208856132,1.314045084166568
641.9710372257783,832.4964872163785,273.4290710265843,2303.506847799173,5095.228594849552,9384.421087543595,14852.10290836604,1.324290989791755
634.7592000499138,831.5007575867247,274.0692445870866,2311.202474522192,5102.717923655387,9388.652559842332,14860.68398457882,1.333563911920993
627.1913078548154,830.4869379553602,274.810390204193,2318.928473971641,5110.148758465057,9393.01792515607,14869.28298517516,1.341593943234087
619.2610015302557,829.4550837883046,275.6525352622048,2326.68238903589,5117.519345794691,9397.515852645129,14877.89736464584,1.347986558916016
610.9623438593843,828.4052290610845,276.5956159009114,2334.462888250349,5124.827890107636,9402.14493185487,14886.52441307919,1.352246908403019
602.2900667558761,827.3373882436263,277.6394746882835,2342.26743746193,5132.072573952621,9406.903745111626,14895.16146718616,1.353831033121029
593.2398758944838,826.2515581739285,278.7838587250092,2350.094338671645,5139.251591378045,9411.790817132027,14903.80606044274,1.352215916893164
583.808823582589,825.1477194868081,280.0284185979455,2357.941317533449,5146.363088873238,9416.804622409281,14912.45585310941,1.346979818889165
573.995762167885,824.0258373682436,281.3727083615245,2365.806358118517,5153.405182836537,9421.943651602558,14921.1084128981,1.337885137940503
563.8018915654808,822.8858615698562,282.8161864166269,2373.68707608871,5160.375986106184,9427.206258842249,14929.76107157922,1.324956909846385
553.2314153578645,821.7277258373337,284.3582168101961,2381.58108422568,5167.27359085852,9432.590785129563,14938.411004747,1.308549776354033
542.2923200089127,820.5513471910342,285.9980701253191,2389.486988276463,5174.096144974622,9438.095543921401,14947.05544878778,1.289394110181154
530.9972905182373,819.3566258529016,287.7349228276099,2397.402291259285,5180.841772139736,9443.71878007741,14955.69182647908,1.268607969775611
519.3647725671696,818.1434469956585,289.5678538218524,2405.325297933094,5187.508589428146,9449.45872191674,14964.31764610924,1.247657222470471
507.4201847735801,816.9116857268793,291.4958373243934,2413.253569364189,5194.094734841806,9455.313447305563,14972.93027539381,1.228245408746302
495.1972735755784,815.6612164699214,293.5177323050983,2421.185152287977,5200.598374019023,9461.280999555252,14981.52682262683,1.212123950171969
482.7395857425765,814.3919267718969,295.6322707879616,2429.117378869599,5207.017689217585,9467.359336780833,14990.10425141131,1.200837459855813
470.1020081193005,813.1037335270291,297.8380495665078,2437.047756195467,5213.350922364972,9473.546251937281,14998.65961801529,1.195454900425112
457.3522907154708,811.7965975007191,300.1335308216795,2444.974605655722,5219.596328068026,9479.83948100076,15007.19020036759,1.196366389997877
444.5724291639303,810.4705314579973,302.5170552085951,2452.895382314227,5225.752278030724,9486.236636151963,15015.69340423927,1.203220601686872
431.8597385701938,809.1255991501258,304.986866517096,2460.808336817303,5231.817237114089,9492.735337676142,15024.16656622129,1.215029062767545
419.3274060614488,807.7619059777054,307.5411426350723,2468.711007394791,5237.789721939823,9499.333181425123,15032.60687751788,1.230396862705988
407.104268857262,806.3795850134245,310.1780260448674,2476.601755738578,5243.668314735165,9506.02769247554,15041.01152276806,1.24779708260155
395.3335381871227,804.9787826513306,312.8956488761193,2484.478074291073,5249.451638211096,9512.816478376184,15049.37789680572,1.265809448063303
384.170193334128,803.5596467879959,315.6921507383163,2492.337930232607,5255.138369042694,9519.697125987555,15057.70367480127,1.283277836727009
373.7768260009103,802.1223185340788,318.5656900983897,2500.179947307406,5260.727248724423,9526.667252726791,15065.98665730775,1.299378544501686
364.3178443966746,800.6669270808939,321.5144510565775,2508.002185240311,5266.217028160382,9533.72447616426,15074.22454319466,1.313614719355043
355.9521613853997,799.1935867787249,324.5366473186839,2515.803350511621,5271.606481294252,9540.86638264428,15082.41485711421,1.325760720129269
348.8247829943258,797.7023954955782,327.63052460117,2523.581406423061,5276.89446356705,9548.090665990336,15090.55509892135,1.33577939816758
343.0580394077689,796.1934335985234,330.7943621073498,2531.335248547343,5282.079841450387,9555.394979003839,15098.64295233505,1.343731313595747
338.7434770590887,794.6667632120343,334.0264732925429,2539.062634072217,5287.161539900384,9562.776981227824,15106.67633016297,1.349690730893846
335.9355488914319,793.1224276473079,337.3252059347489,2546.761913826041,5292.138478818106,9570.234355677738,15114.65320360921,1.353679590221733
334.6481075132892,791.5604510251493,340.688941502885,2554.431780731027,5297.009596507093,9577.764749844388,15122.57138831935,1.355627186193967
334.854301495223,789.9808381361001,344.1160938916717,2562.070628471538,5301.773875203457,9585.365865501471,15130.42850513829,1.355359645608868
336.4898838034534,788.3835745239471,347.6051076895,2569.677240607774,5306.430314006844,9593.035309884566,15138.22215294577,1.352619549358208
339.4593359930871,786.7686266861057,351.1544561941928,2577.249681655399,5310.977876001739,9600.770676832926,15145.95011082319,1.347112638919517
343.6437776559567,785.1359422031062,354.7626393496239,2584.786989851378,5315.415537883495,9608.569592456928,15153.61035680623,1.338575959929102
348.9094797451624,783.4854495785909,358.4281816345014,2592.286897406954,5319.742236147901,9616.429620063438,15161.20088137107,1.326860146129598
355.1159291566026,781.8170576199461,362.1496297126589,2599.747841701704,5323.956911908348,9624.348349419017,15168.71948701899,1.312017415243616
362.1227036001128,780.1306543409479,365.9255493908208,2607.168319205665,5328.058487435059,9632.323291165672,15176.16377970187,1.294385361413424
369.7947820513749,778.4261056453001,369.7545211849635,2614.546860091458,5332.045821685049,9640.351956298744,15183.53135824262,1.274653826888253
378.0062340217968,776.7032544688549,373.6351336745123,2621.882120397749,5335.917786635138,9648.431863465648,15190.82000216214,1.253897635617777
386.6424486775423,774.9619215809959,377.565974009391,2629.172156573622,5339.673270368985,9656.560395339417,15198.02766002155,1.233553031262376
395.6011770735371,773.2019096925101,381.5456156863389,2636.415979901014,5343.311177329414,9664.73491601001,15205.15224991358,1.215314479156545
404.7926893128196,771.4230124818074,385.572605204693,2643.611234529939,5346.830446653985,9672.952698314943,15212.19148225506,1.200938449005765
414.1393237394264,769.6250290909298,389.6454511708095,2650.756342413928,5350.230057967052,9681.210968101399,15219.14289801129,1.191968720571955
423.5746549584568,767.8077823606342,393.7626207410931,2657.849547943986,5353.509062064917,9689.506914609252,15226.00409745181,1.189440286436685
433.0424519317554,765.9711364282778,397.9225473686142,2664.889518367524,5356.666667610053,9697.837605155246,15232.77294207282,1.193653629042038
442.4955487711391,764.1150082111193,402.1236500268516,2671.874838709467,5359.702152104018,9706.200169999915,15239.44754124508,1.204105419563965
451.8947132999083,762.2393691667886,406.3643592376777,2678.803769923948,5362.614914419038,9714.591736651008,15246.02605714665,1.219604463111945
461.2075702120385,760.3442377009563,410.6431426167281,2685.675539849301,5365.404447579583,9723.00944449715,15252.50654400792,1.238525237070339
470.407613291645,758.4296659934578,414.9585239381308,2692.488149109926,5368.070326873824,9731.450496656702,15258.88699507709,1.259106199344622
479.473323096631,756.495725888331,419.3090934488817,2699.240457345828,5370.612191561707,9739.912089719948,15265.16554589187,1.27970746259591
488.3873931311633,754.5424971287925,423.6935105830423,2705.930977973765,5373.029696635021,9748.391554935206,15271.34061459401,1.298982365606135
497.1360591577684,752.57005917168,428.1105018060794,2712.558986674457,5375.32246339117,9756.886239723948,15277.41082152338,1.315957568624761
505.708522155923,750.5784862974062,432.5588562387345,2719.123385038292,5377.490153155608,9765.393504447653,15283.37476033033,1.330039262861328
514.0964540946403,748.5678450541698,437.0374208566497,2725.622937008983,5379.532424594372,9773.910804279983,15289.23084793586,1.340969341383419
522.2935758523,746.5381930087115,441.5450961483688,2732.057166053383,5381.448939051858,9782.435589530214,15294.97740206939,1.348752609930528
530.2952974455122,744.4895779980093,446.0808324477853,2738.424461770645,5383.239380852254,9790.965391578062,15300.61285964857,1.35357101005047
538.0984117787556,742.4220373715988,450.6436267765276,2744.723962447621,5384.903421351557,9799.497709320189,15306.13590489605,1.3556967051208
545.7008341929409,740.3355969821051,455.2325198762355,2750.954264246691,5386.440794615017,9808.030032303936,15311.54536975758,1.355413445770576
553.1013810815591,738.2302698855511,459.8465931088148,2757.114972425829,5387.851268102197,9816.559940257135,15316.84000693895,1.352954273255272
560.2995817171577,736.1060548405303,464.4849649951297,2763.20503988977,5389.134606305856,9825.084965054832,15322.01836738963,1.348462366009087
567.2955181791685,733.9629347425199,469.1467872948872,2769.223495179424,5390.290585944186,9833.602678494102,15327.07890666307,1.341979927128959
574.089688912697,731.8008751027957,473.8312406475143,2775.169876589973,5391.319018249168,9842.110641609293,15332.02020603261,1.333467186605328
580.6828920126138,729.619822603458,478.5375298459068,2781.042778777513,5392.219713170994,9850.606425127238,15336.84107584,1.322850093272071
587.0761248625162,727.4197036719274,483.2648787728168,2786.841363500319,5392.992526737707,9859.087666621606,15341.5404304539,1.310091587757256
593.2704973032006,725.2004229735641,488.012524898051,2792.5641155955,5393.637258779602,9867.55190544438,15346.11706258935,1.295277828568494
599.2671560828363,722.961861776733,492.7797130581443,2798.210695463821,5394.153708834639,9875.996699011284,15350.56954909982,1.278707316905021
605.0672189458404,720.7038763514579,497.565688106024,2803.779873516696,5394.541683471563,9884.419591747439,15354.89638503134,1.26096711758345
610.6717172983698,718.4262969467168,502.3696860595393,2809.270702820024,5394.800965732895,9892.8180831691,15359.09620599294,1.242976149733753
616.0815468154779,716.128928412076,507.1909237686568,2814.682467529937,5394.931319902679,9901.189681793492,15363.16786951773,1.225972053765493
621.2974253949249,713.811554001152,512.0285880101203,2820.013791491281,5394.932515954067,9909.531785188174,15367.11031524907,1.211419266407185
626.3198572360541,711.4739439193523,516.8818262429332,2825.263662906591,5394.804339656818,9917.841820822272,15370.92235854044,1.200827963603688
631.1491004515552,709.1158692450355,521.7497424736084,2830.430399361351,5394.546684058058,9926.117205718696,15374.60264600061,1.195501283825249
635.7851340234611,706.7371197812668,526.6314017144944,2835.513667514042,5394.159529489875,9934.355291899019,15378.14983761915,1.196266588810396
640.2276193023566,704.337521951279,531.5258444299616,2840.512193680232,5393.642931918797,9942.553478895912,15381.56284568135,1.203274434450772
644.4758527306822,701.9169517148179,536.4321085759094,2845.425299974574,5392.997093885387,9950.709148513852,15384.84089948818,1.215939729979575
648.528709733377,699.475338932144,541.3492535394242,2850.252378838783,5392.222311784872,9958.819799415023,15387.98338028509,1.233047569461589
652.3845828106897,697.0126629949995,546.2763797981136,2854.992603831957,5391.319001985612,9966.882996859951,15390.98960200482,1.25298096997971
656.0413178728282,694.5289426544502,551.2126406406375,2859.64533173385,5390.287643625924,9974.896325296455,15393.85876210049,1.273990554724417
659.4961516153593,692.0242240635481,556.1572458170529,2864.209342731172,5389.128738148062,9982.857525767799,15396.59010372833,1.294432796528322
662.7456506105887,689.498570170017,561.1094593919786,2868.684791821268,5387.842823780356,9990.764382769434,15399.18310755329,1.312936663083208
665.7856511587445,686.9520529343484,566.0685946872496,2873.070811526558,5386.430493417751,9998.614770313647,15401.63750027499,1.328492076674633
668.6111982911572,684.3847484627843,571.0340086023738,2877.367231386245,5384.892302818757,10006.40659674284,15403.95305976477,1.340473272279018
671.2164824255667,681.7967343992221,576.0050966291493,2881.573614623711,5383.228817447028,10014.13776852561,15406.12941048451,1.348615840731426
673.5947726445263,679.1880887020324,580.9812890425482,2885.689588706643,5381.440553684239,10021.80631556395,15408.16601616974,1.352964047173312
675.73834613287,676.5588890013794,585.9620482020064,2889.714609995302,5379.528026683121,10029.41024072667,15410.06237308747,1.353800570344724
677.6384138687743,673.9092119118401,590.9468665972956,2893.64762324844,5377.491768094965,10036.94758032153,15411.81819997941,1.351567257093582
679.2850432161536,671.2391318783995,595.9352651424922,2897.488836618336,5375.332276856659,10044.41642083651,15413.43342378939,1.346783849081244
680.6670786502528,668.5487193345539,600.9267912053834,2901.237455036137,5373.05004072773,10051.81485936398,15414.90797295368,1.339971676146071
681.7720624986254,665.8380381415074,605.9210159330833,2904.893462998193,5370.645578964066,10059.14109317666,15416.24158897854,1.331590128512878
682.586158320476,663.1071424435884,610.9175305814033,2908.456337459007,5368.11941761762,10066.39326626965,15417.4338486534,1.32199415095313
683.094080399561,660.3560731917601,615.915941744903,2911.925952405465,5365.472109000453,10073.56954748832,15418.48436977562,1.311419969884185
683.2790338217861,657.5848546296214,620.9158655649306,2915.301695574201,5362.70421133223,10080.66815267703,15419.39298359982,1.300003175038081
683.1226708023205,654.7934910018392,625.9169211077042,2918.582583289093,5359.816256553246,10087.68724999685,15420.15969171708,1.287828278198138
682.6050703874571,651.981963668943,630.9187231226165,2921.76869845397,5356.808844982779,10094.62504202004,15420.78445123878,1.275002774344129
681.7047504400524,649.1502287661365,635.9208743356603,2924.859223281511,5353.682578642284,10101.47966120191,15421.26701123057,1.261742603553383
680.3987229237382,646.2982156087805,640.9229573915584,2927.854113838267,5350.438075327227,10108.24926563997,15421.60697300874,1.248450670352401
678.6626058214973,643.4258262724264,645.9245266625853,2930.75262012337,5347.075962099526,10114.93204670544,15421.80401574798,1.235766518807594
676.4708072898756,640.5329371232955,650.9251005127081,2933.55468225675,5343.596882751712,10121.52610647505,15421.85806064179,1.224564697124171
673.7967993966761,637.6194033710087,655.9241552531888,2936.259474590931,5340.00151723674,10128.02957870588,15421.76921297433,1.215884297377622
670.6134993797926,634.6850676390645,660.9211227250098,2938.866010311248,5336.290614405938,10134.44056234056,15421.53755623047,1.21078584184548
666.8937751309963,631.7297727644255,665.9153936745053,2941.374161302795,5332.464917500653,10140.75718635569,15421.16302753599,1.21015496573303
662.6110880982742,628.7533775161554,670.9063282442756,2943.783176459998,5328.525260568366,10146.97762068853,15420.64552037967,1.214498962614457
657.740280899054,625.7557722668976,675.8932728411801,2946.093108649979,5324.472565463936,10153.10000812351,15419.98512092691,1.223797588088497
652.258508585137,622.7368909477583,680.8755801942606,2948.303297731777,5320.307841643271,10159.12264466029,15419.18224118558,1.237458979913542
646.1463011780877,619.6967166069253,685.8526280625716,2950.414117016519,5316.032191283089,10165.04390339002,15418.23751209529,1.254395216783722
639.3887298646194,616.6352801555959,690.8238327423456,2952.425025534987,5311.646748455605,10170.86224421431,15417.15154307229,1.27318931160949
631.9766298235223,613.552654079564,695.7886557707274,2954.335582521963,5307.152698277359,10176.57623395927,15415.924787294,1.292300405610237
623.9078107291996,610.4489438982602,700.7466045931036,2956.145928507205,5302.551298798404,10182.18446454329,15414.5576399576,1.310255823817178
615.1881655061835,607.3242798406163,705.6972293144756,2957.855853157226,5297.843822168988,10187.68567157086,15413.05065354717,1.325798288821227
605.8325742575407,604.1788102054538,710.640117806717,2959.465784940132,5293.031541735264,10193.07860115692,15411.40463474234,1.337978580217287
595.8654987713211,601.0126968638705,715.5748908647678,2960.975357532765,5288.115760918591,10198.36201366006,15409.62051300671,1.346198554223069
585.3211773851987,597.8261126794084,720.5011983410529,2962.385337598176,5283.097764180218,10203.53475687998,15407.6991113504,1.35021512453312
574.2433610927351,594.6192402868721,725.4187165492486,2963.695349504973,5277.978887867302,10208.59568534269,15405.64105304775,1.350115466623167
562.6845765667595,591.3922715654397,730.3271467918993,2964.905250368131,5272.760429190281,10213.54375495656,15403.44689856361,1.346270925861019
550.7049533762599,588.1454071512021,735.2262145913581,2966.015095688374,5267.443644081732,10218.37791182584,15401.11736755047,1.339274438230621
538.3707017162537,584.8788553992936,740.1156690328886,2967.024871692261,5262.029769225899,10223.09712343826,15398.65341203643,1.329865086362847
525.7523640538507,581.5928303186525,744.9952815387286,2967.934975722248,5256.520023749433,10227.70045642813,15396.05606088576,1.318844205135356
512.9229824699726,578.2875481831435,749.864843400371,2968.745030911974,5250.915587535179,10232.18693872659,15393.32619285868,1.306989979880827
499.956320896686,574.963222785278,754.7241615412256,2969.455831646065,5245.217636568543,10236.55563605837,15390.46446966809,1.294980732493031
486.9252604543507,571.6200596188412,759.5730522805591,2970.066920269332,5239.427290716026,10240.80558905182,15387.47149475151,1.283339331282454
473.9004527519633,568.2582495791478,764.4113332794426,2970.578199876772,5233.545701663371,10244.93584540422,15384.34803030871,1.272410421423045
460.9492778147809,564.877962953089,769.2388142593044,2970.989411786551,5227.574055682687,10248.94551069812,15381.09504634683,1.262377226387241
448.1351170759979,561.479344467763,774.0552873579903,2971.300550790833,5221.513528896653,10252.83360060036,15377.71355285877,1.253315982202565
435.5169224228613,558.062509998153,778.860518048304,2971.511778032211,5215.365337684624,10256.59915935829,15374.20439432986,1.245275938922039
423.1490419467973,554.6275453127269,783.6542374293169,2971.622610114871,5209.130731534357,10260.24122417869,15370.56822826648,1.238364482177504
411.0812519141728,551.1745070917624,788.4361365505669,2971.63372179512,5202.811028486798,10263.75881009765,15366.80572035664,1.232812980824503
399.3589410933005,547.7034264367309,793.2058633812807,2971.544579860943,5196.407632650164,10267.15095925062,15362.91776614328,1.229000901347514
388.0233957010743,544.2143151108882,797.9630231053419,2971.355159621395,5189.921995843795,10270.41664322071,15358.90552202818,1.227423899882663
377.1121385374799,540.7071746144217,802.7071824425593,2971.06502044985,5183.355614456115,10273.55491931321,15354.77022703383,1.228605443205527
366.6592824813133,537.1820077255575,807.4378783947864,2970.674371445304,5176.710099607714,10276.56490050413,15350.51301190781,1.232968783966249
356.6958653421613,533.6388313613011,812.1546310171046,2970.183402437523,5169.987091040376,10279.44572586727,15346.13490303057,1.240701744507911
347.2501398515794,530.0776888597027,816.8569586803601,2969.591917340573,5163.188296175898,10282.19665523743,15341.63702095759,1.251653475227929
338.3477995693716,526.4986595574388,821.544393356128,2968.90081804533,5156.3154262904,10284.81699122722,15337.0207664816,1.265294766924439
330.0121288334814,522.9018641254272,826.2164933117565,2968.109955400785,5149.370205623109,10287.30618533198,15332.28779427637,1.280753287199779
322.2640722929773,519.2874653267104,830.8728514283,2967.219754915248,5142.354405370296,10289.66375398793,15327.43979180912,1.296911672053185
315.122226430708,515.6556650832389,835.5130987341092,2966.229969039951,5135.269822112045,10291.88922468194,15322.47828037792,1.312540788701188
308.6027613632036,512.0066994404974,840.1369039995153,2965.141273915237,5128.118229966364,10293.98224807033,15317.40463296325,1.32643787441289
302.7192860603559,508.3408330490567,844.7439708982031,2963.954039435178,5120.901434793163,10295.94249401096,15312.22027887032,1.337546894586957
297.4826741386756,504.6583543506354,849.334034266064,2962.668438227213,5113.621241820942,10297.76971099731,15306.92687412319,1.345049662569417
292.9008706158879,500.9595720827763,853.9068566176402,2961.285494338226,5106.279488758076,10299.46367338004,15301.5262537281,1.348425457887231
288.9787022499773,497.2448132215721,858.4622255886786,2959.805340106793,5098.878042213102,10301.02416501775,15296.02021158695,1.347481798554534
285.7177148866067,493.5144221367365,862.9999525272625,2958.228618398728,5091.418725591063,10302.45109152809,15290.41033322288,1.342360047476239
283.1160601624842,489.7687605105808,867.5198720999995,2956.555078755674,5083.903390311282,10303.74433392993,15284.69805294248,1.333518192402777
281.1684507247862,486.008207418598,872.021842489652,2954.785595980057,5076.333895559478,10304.90380427335,15278.88487278186,1.321691102894718
279.8661979498814,482.233158854764,876.505745505233,2952.920486887907,5068.7120847616,10305.92944208656,15272.97251246068,1.307827326993947
279.1973394962744,478.444025929788,880.9714857139151,2950.960091975154,5061.039766733833,10306.82118409434,15266.96282958591,1.293002334919852
279.1468567349237,474.641231047786,885.4189876087108,2948.905303874428,5053.31869979183,10307.57904276335,15260.85758855708,1.278311945506639
279.6969750973531,470.8252016704976,889.8481899716438,2946.756355318128,5045.550578991034,10308.2029641277,15254.65831354576,1.264756372180769
280.8275344426643,466.9963618504079,894.2590370885206,2944.513842150291,5037.737115679398,10308.69291117394,15248.36637605637,1.253132954072444
282.5164120964371,463.1551224543234,898.6514672969411,2942.177305203504,5029.879950103463,10309.04887153117,15241.98322603776,1.243960259566661
284.7399783560775,459.3018716340591,903.0254002631497,2939.747505891993,5021.980718792184,10309.27077726365,15235.51053066527,1.237453506806834
287.4735629763912,455.4369673028499,907.3807249857782,2937.22443712221,5014.041079366776,10309.35857563455,15228.95008427445,1.23355948587673
290.6919115257149,451.5607329911996,911.7172904960208,2934.608348452091,5006.062735355789,10309.31213224476,15222.3035946816,1.23204180800798
294.3696126471178,447.6734576550934,916.0349005747485,2931.899755574891,4998.047473396075,10309.13133914589,15215.57258149034,1.232591668612518
298.4814810224613,443.7753991877234,920.3333128900221,2929.098886105543,4989.997149980149,10308.81612927851,15208.75850686361,1.234932166101057
303.0028856255762,439.8667908802224,924.6122422062097,2926.206241299134,4981.913668162335,10308.36639600661,15201.86301629564,1.238887822783865
307.9100177837535,435.9478499573136,928.8713669456079,2923.221330673389,4973.799051468393,10307.7821224325,15194.88805042426,1.244402754431486
313.1800978585297,432.0187874062139,933.1103383137543,2920.145024776263,4965.655413694769,10307.06332692051,15187.83571917054,1.251506199028261
318.7915226109137,428.0798183898623,937.328791198092,2916.97740994568,4957.484926096807,10306.21013106346,15180.70807245695,1.260238429414568
324.7239575541186,424.1311724783154,941.5263559465415,2913.719129675039,4949.289832794996,10305.22274193075,15173.50700499397,1.270560110633064
330.9583800692495,420.1731028154648,945.7026699434788,2910.370849184319,4941.07237560791,10304.10137160425,15166.23438958881,1.282271578824564
337.4770799998145,416.205893337941,949.8573877958926,2906.933346099234,4932.834851141692,10302.84637458686,15158.89229275532,1.294964388541825
344.263624920355,412.2298634132226,953.9901891021233,2903.407487275643,4924.579558712695,10301.45815307702,15151.48303846356,1.308017217109558
351.3027972293575,408.2453697431349,958.10078323748,2899.79320091909,4916.308750279532,10299.93716857844,15144.00904284022,1.320635663312005
358.5805095983816,404.2528059169082,962.188911210891,2896.091688643493,4908.024636017877,10298.28395196088,15136.47258038814,1.331925253248131
366.0837042094669,400.2526003920433,966.2543451954031,2892.303288015984,4899.729421651417,10296.49904379588,15128.87571491299,1.340982088228073
373.8002398590917,396.2452138198757,970.2968866427186,2888.429002914625,4891.425276408842,10294.58310976602,15121.22045884484,1.346986181210527
381.7187696553291,392.2311365335246,974.3163639224073,2884.469505358203,4883.114396737938,10292.53681438607,15113.50898966293,1.349286520476202
389.8286108619664,388.2108867750641,978.3126302528699,2880.425882394128,4874.79892618816,10290.36083361681,15105.74369398426,1.347471560978187
398.119607510782,384.1850099543444,982.2855624186316,2876.29903946978,4866.481009407697,10288.05590510505,15097.92699071068,1.341422191523322
406.5819856896574,380.1540789568562,986.235060470737,2872.089047348345,4858.162823263362,10285.6227551599,15090.06111393256,1.331345428007052
415.2062008725781,376.1186952550646,990.1610483038592,2867.797075014149,4849.846533682008,10283.06218456946,15082.14807855123,1.31778625647556
423.9827762631817,372.0794903029471,994.0634746769875,2863.423464330111,4841.534297086811,10280.37496249753,15074.18986050472,1.301612967597252
432.9021309021962,368.037126395231,997.9423138787528,2858.969313593057,4833.228254047004,10277.56187026988,15066.18860044723,1.28396934416239
441.9543963201926,363.9922958977081,1001.797564873671,2854.435121697466,4824.930513286449,10274.62376330372,15058.14661401831,1.26618720946851
451.1292208965007,359.9457176484612,1005.629247548828,2849.822108764771,4816.643193298738,10271.56144809161,15050.06619395936,1.249657578779405
460.4155618310631,355.8981296258305,1009.437394870452,2845.131053768289,4808.368388137441,10268.37574612159,15041.94940657806,1.235669655300419
469.8014655623205,351.8502778729707,1013.222040609842,2840.362058345978,4800.108114611233,10265.06741823988,15033.79809524788,1.225242644321799
479.2738381444481,347.802903068218,1016.98320378783,2835.516045710218,4791.864398425407,10261.63720018051,15025.6140924792,1.218989018427718
488.818207091969,343.7567274722387,1020.720872577152,2830.5932122044,4783.639236663259,10258.08584333791,15017.39943141935,1.217049155814674
498.4184755136375,339.7124454392311,1024.434991180334,2825.594524823265,4775.434663855797,10254.41400067494,15009.15635143453,1.219119804924012
508.0566687059954,335.6707197902474,1028.125452535376,2820.520169362873,4767.252740391708,10250.62236284512,15000.88710927015,1.224567938608137
517.7126738213874,331.6321845190922,1031.792097866246,2815.371361498212,4759.095553390457,10246.71164414486,14992.59380781084,1.232593053074862
527.3639754041939,327.5974525536442,1035.434722125249,2810.148727479936,4750.965260481969,10242.68260065396,14984.27843425288,1.242389451846404
536.9853933250193,323.5671264468092,1039.053083234191,2804.852527832824,4742.864131028292,10238.53607454226,14975.94307632698,1.253268312665015
546.5488342667728,319.5418100168438,1042.646912963237,2799.483630020356,4734.794463649031,10234.27290393949,14967.59009567965,1.264718972118139
556.0230728377585,315.5221196358128,1046.215927884994,2794.042463829856,4726.75862973706,10229.89405351007,14959.22207636619,1.276409037385981
565.3735833252989,311.5086945505748,1049.759839547849,2788.530261176507,4718.759025466111,10225.40055548699,14950.84159686618,1.288137207026908
574.5624479214254,307.5022060350163,1053.278363488696,2782.947419221743,4710.798089195046,10220.79347400184,14942.45105385271,1.299759759614862
583.54837165331,303.5033653072247,1056.771226898225,2777.295602805373,4702.878317605628,10216.07396924993,14934.05271171353,1.311112811163186
592.2868375644667,299.5129301358072,1060.23817477997,2771.5757403076,4695.002181161876,10211.24322196915,14925.64891605682,1.321949278423948
600.7304368066286,295.5317100529003,1063.678974457116,2765.788642211731,4687.172132854701,10206.30253435452,14917.24223980125,1.331903441370496
608.8294057463279,291.5605701690442,1067.093418371673,2759.935366595866,4679.390620612393,10201.25324565991,14908.83540057945,1.34048859282017
616.5323943771593,287.6004337446916,1070.481325296643,2754.016760692793,4671.66005567411,10196.09669526499,14900.431027362,1.347126232821343
623.7874759626706,283.6522838542081,1073.842540285795,2748.034321741232,4663.982803492014,10190.83431465128,14892.03151144838,1.351200160918333
630.5433864637934,279.7171646109944,1077.176933843226,2741.9886395876,4656.36117300163,10185.46752966341,14883.63909130914,1.352126415327797
636.7509549183693,275.7961824646204,1080.4844008571,2735.881634312583,4648.797369442928,10179.99781793405,14875.25607887601,1.349430042838502
642.3646554225191,271.8905080275563,1083.764859800024,2729.714337581696,4641.293604321237,10174.42665045746,14866.8849891611,1.342821106615556
647.3441825304704,268.0013787560325,1087.01825256941,2723.487857473262,4633.852034719435,10168.75549215191,14858.52843568043,1.332263835786804
651.6559308550275,264.1301026088723,1090.244545140464,2717.203150124503,4626.474780124887,10162.9859038868,14850.18889760153,1.31803327907722
655.2742524456789,260.2780625322526,1093.443728927147,2710.861208000001,4619.163924244872,10157.11941376916,14841.86859701164,1.300752619887339
658.1823762384612,256.4467212443685,1096.615822369527,2704.463464334259,4611.921519679013,10151.15757379248,14833.56960980266,1.281401523259068
660.3729029822755,252.6376253172236,1099.76087178192,2698.010463801593,4604.749603571381,10145.10193896452,14825.29409061291,1.261282667188544
661.8478326674874,248.8524070554448,1102.878949982372,2691.504057793597,4597.650214536789,10138.95403828925,14817.04437420981,1.241932685632631
662.6181320873928,245.0927824074056,1105.970150927054,2684.945139956039,4590.625313579249,10132.71542779361,14808.82284596826,1.224969441476561
662.7028985577042,241.3605435451933,1109.034578925275,2678.334853320702,4583.676858894238,10126.38755327125,14800.63171730518,1.211883925196619
662.1282135757327,237.6575462018943,1112.072332413708,2671.673814594906,4576.806821254768,10119.9718387528,14792.47294624038,1.203811173527196
660.9258015903325,233.9856941824177,1115.083484585204,2664.962952555678,4570.017174199995,10113.46969988869,14784.3483980519,1.201339236342039
659.1316120880097,230.3469255515816,1118.068065315279,2658.203427586656,4563.309936282752,10106.88250697384,14776.26009652415,1.204419250805635
656.7844299003804,226.7432052960719,1121.026049239733,2651.395674222891,4556.687118048682,10100.21167356427,14768.21032377578,1.212410965087424
653.9245944442089,223.1765271534388,1123.957352839161,2644.541412629615,4550.150765704296,10093.4585871603,14760.2014829076,1.224247642609493
650.5928805265853,219.6489239887965,1126.861840099134,2637.641537592381,4543.702976933641,10086.62472386172,14752.2358786976,1.238662041356108
646.8295673455052,216.1624836004157,1129.739333756337,2630.697454386992,4537.345854650294,10079.71164515768,14744.3156506217,1.254404391574023
642.6737016058736,212.719366261504,1132.589628480008,2623.709836945638,4531.081482615883,10072.72091917075,14736.4429267855,1.270402571021841
638.1625459171215,209.3218212715903,1135.412503247949,2616.680031285463,4524.91196844988,10065.65421797456,14728.62003284941,1.285845306271492
633.331194186097,205.9722012239048,1138.207731603652,2609.609440142257,4518.839390043086,10058.51324978289,14720.84952871853,1.300194078638364
628.2123305717356,202.6729737915388,1140.975089609506,2602.498961037532,4512.865871953206,10051.29982099137,14713.13402421087,1.313142386708732
622.836106743411,199.4267313545418,1143.714361878398,2595.350608010485,4506.993503506447,10044.01580358068,14705.47595363202,1.324544379172391
617.230112762465,196.2361988561885,1146.425346181193,2588.165673661947,4501.224335319537,10036.66306511076,14697.87753359765,1.33433311424953
611.4194190519404,193.1042401142706,1149.107857006763,2580.946030887162,4495.560413243014,10029.24358719488,14690.34093869696,1.342444999102854
605.4266699320264,190.0338626074256,1151.761728275832,2573.692542159884,4490.003767061389,10021.7593683232,14682.86850535338,1.348762657110219
599.272212542061,187.0282206148945,1154.386815287917,2566.406940354781,4484.556385217816,10014.21243764932,14675.46274516037,1.353083909415915
592.974248269979,184.0906165471823,1156.982995952548,2559.090748340276,4479.220222784902,10006.6048497506,14668.12614871089,1.355119949111197
586.5489968289857,181.2245003482028,1159.550171410605,2551.745187998787,4473.997147315349,9998.938638886591,14660.86097830152,1.354521569453292
580.0108657271236,178.4334669293089,1162.08826624596,2544.372329738016,4468.888987672108,9991.215929188436,14653.66926113887,1.350929032790171
573.3726200154272,175.7212516574109,1164.597228571353,2536.973692826121,4463.8975315915,9983.438821487283,14646.55298633576,1.344039166667014
566.6455488768611,173.091723918052,1167.077030304779,2529.551390394667,4459.024440139135,9975.60942168773,14639.51429875555,1.333682406357391
559.8396268650664,170.5488786795951,1169.527667907102,2522.106336244906,4454.271300171079,9967.72987900202,14632.55548532676,1.3199021326833
552.9636684611564,168.0968257747057,1171.949163705677,2514.640461210282,4449.639595258704,9959.802320629866,14625.67876559264,1.303027851634694
546.0254751232626,165.739776271476,1174.341567654905,2507.15524178386,4445.130745297181,9951.828920581585,14618.88610028336,1.283731658941424
539.0319741873549,163.482024825705,1176.704958954904,2499.652068209713,4440.746113135539,9943.81178396571,14612.17921361116,1.263053735706722
531.9893489000909,161.3279263520319,1179.039446373555,2492.132838563065,4436.486981036232,9935.752987038873,14605.55980294455,1.242378404401561
524.9031586946201,159.281864951603,1181.34516552931,2484.599095186517,4432.354554426895,9927.654621121757,14599.02971758471,1.223340960649479
517.7784489219196,157.3482132587818,1183.622271156831,2477.052887416613,4428.350054922998,9919.518690660889,14592.59092342123,1.207653102098458
510.6198501428194,155.5312818216449,1185.870923074871,2469.494933225525,4424.474662798521,9911.347187413816,14586.24529841569,1.196857199714167
503.4316690863568,153.8352610164699,1188.091266626971,2461.927027863651,4420.729585514069,9903.142034193423,14579.99448457504,1.192055289083907
496.2179759717594,152.2641613471686,1190.283411298663,2454.350329678547,4417.116038673572,9894.90515072598,14573.83996862433,1.193690634950827
488.982694513684,150.821759605422,1192.447413307789,2446.766189205011,4413.635267217459,9886.638502557014,14567.78332722698,1.201460746097458
481.7297000390388,149.5115564682739,1194.583267314101,2439.176209501239,4410.288597583104,9878.344010323988,14561.82639993833,1.214397130732972
474.4629279234374,148.3367464142249,1196.690908915687,2431.58202454364,4407.077387320282,9870.023677756699,14555.97122223538,1.231080323881136
467.1864911258728,147.3001964221371,1198.770225525299,2423.985806614979,4404.002969101554,9861.679562717005,14550.21979240841,1.249911622551198
459.9048040731808,146.4044283907895,1200.821071062224,2416.388529711753,4401.066661181086,9853.313791869914,14544.57391011211,1.269360489947523
452.6227108513492,145.6516016209795,1202.843280294787,2408.792369573723,4398.269727736273,9844.928581266558,14539.03524399532,1.288137852418523
445.3456174377041,145.0434942536349,1204.836680474982,2401.198827717526,4395.613372681185,9836.526146191885,14533.60554463047,1.305282906345923
438.0796293072328,144.5814846035359,1206.801099698919,2393.609868496816,4393.098745687459,9828.108817066848,14528.28676793783,1.320175887361782
430.8316966270043,144.2665342753598,1208.736372507884,2386.027386932377,4390.726861615236,9819.678966999127,14523.08096901467,1.332498681310561
423.6097694701751,144.0991749905114,1210.642343613489,2378.453583064581,4388.498698997677,9811.238977920133,14517.99006674547,1.342164831165491
416.4229652888837,144.0795006081123,1212.518870560944,2370.891009385677,4386.415181061038,9802.791283105214,14513.01571575627,1.349236593307883
409.2817504886404,144.2071652239991,1214.365825895289,2363.34105432876,4384.477171835802,9794.338292213686,14508.15941229918,1.353842719901334
402.1981374448018,144.4813876664229,1216.183099126345,2355.806178390357,4382.685469001391,9785.88248846102,14503.42271926205,1.356107596525328
395.1858977119783,144.9009622616201,1217.970598578449,2348.288056922661,4381.040804179742,9777.426346375069,14498.80737211279,1.356099929910222
388.2607914667919,145.4642754405973,1219.728253093228,2340.788963556169,4379.543836440553,9768.972315416988,14494.31515217321,1.353806728509655
381.4408123242114,146.1693275849524,1221.456013529873,2333.310752829671,4378.195215270692,9760.522907406179,14489.94765503608,1.349135480735628
374.7464454757718,147.0137594213196,1223.153854056459,2325.855842474934,4376.995483036793,9752.080610614474,14485.70619143388,1.341944282866928
368.2009354828562,147.9948822134407,1224.821773308508,2318.426801928011,4375.945106115561,9743.647946365916,14481.59192026897,1.332096565908402
361.8305578695036,149.1097109124486,1226.459795558643,2311.025176161519,4375.044483466952,9735.22739706007,14477.60607358011,1.319534351352885
355.66488574723,150.354999271361,1228.067972043238,2303.653411762006,4374.293920117821,9726.821404387973,14473.7500374274,1.304361622645959
349.7370389480707,151.7272756971878,1229.646382478608,2296.31316331402,4373.693651281486,9718.432450780088,14470.02520321784,1.286926981344024
344.0838984924022,153.2228783281924,1231.195136527492,2289.006793267358,4373.243789529667,9710.062933536128,14466.43274182454,1.267891596808713
338.7462637724994,154.8379875678677,1232.714374526,2281.735954983173,4372.944318707665,9701.71522486992,14462.97353465762,1.248264303073359
333.768923965707,156.5686542636202,1234.204266203581,2274.503102139503,4372.795158590175,9693.391650621497,14459.64833400058,1.229381768295092
329.2006097343454,158.4108221948944,1235.665005634918,2267.310620625632,4372.796173167329,9685.094482634104,14456.45799109461,1.212811839778683
325.093787643833,160.3603448737012,1237.096800701442,2260.160059533599,4372.947158222679,9676.825996895386,14453.40352401922,1.200168982070676
321.5042597665683,162.4129988907005,1238.499856484904,2253.0536273475,4373.247918359825,9668.588355707552,14450.48596957288,1.192857623777859
318.4905361221875,164.5644983669699,1239.874354454131,2245.992812560518,4373.698232874242,9660.383712289231,14447.70619039859,1.191797984050991
316.1129580418116,166.8105158091697,1241.220432124677,2238.979900367581,4374.297961197469,9652.21422818223,14445.06485694937,1.197218792286496
314.432564860779,169.1467123978995,1242.538169093544,2232.01631277322,4375.047007260395,9644.082054896671,14442.56263879692,1.208594139460446
313.5097133001954,171.5687761314008,1243.827583498236,2225.104574008993,4375.945278594564,9635.989416834207,14440.20041724255,1.224749587645612
313.4024789436303,174.0724621883059,1245.088638843784,2218.247056746111,4376.992687670681,9627.93853790824,14437.97930023273,1.244094789033848
314.1648931959033,176.6536289860662,1246.321257480949,2211.445658510798,4378.189154415934,9619.931746932114,14435.90041856891,1.264899831232922
315.8450949993614,179.3082656813971,1247.525335862416,2204.702758781113,4379.534549964406,9611.97145144977,14433.96470191379,1.285538365878392
318.4834984199397,182.0325101711729,1248.700757908017,2198.020221602187,4381.028713598603,9604.060053338542,14432.17285176378,1.304655158768804
322.1110877596655,184.822659046965,1249.847404872007,2191.400744175463,4382.671366321853,9596.200022410594,14430.52552382054,1.321251177863985
326.7479463214935,187.6751718544343,1250.965161754269,2184.8460239535,4384.462133115589,9588.393814376357,14429.02351812036,1.334700313245901
332.4021031780746,190.5866718365102,1252.053921125183,2178.35899411259,4386.400577950269,9580.643928422796,14427.66776986276,1.344718093060843
339.0687488005091,193.5539447293633,1253.11358541342,2171.942230538496,4388.486135574107,9572.95286368112,14426.45914441671,1.351300742700802
346.7298329525447,196.5739365451027,1254.144068545196,2165.598061411734,4390.718143873449,9565.32306066366,14425.398244312,1.354648565584844
355.3540255159241,199.6437507795211,1255.145297545931,2159.328945772254,4393.095834022841,9557.757022398879,14424.48542519346,1.355084071341756
364.8969999025508,202.7606451527558,1256.11721443316,2153.136964563717,4395.618352906313,9550.25722711574,14423.72100082144,1.352973396638728
375.301992848068,205.9220278044101,1257.059778489203,2147.024924522884,4398.284800084107,9542.826154217491,14423.10542172014,1.348658917469419
386.5006027180913,209.1254527961269,1257.972968823968,2140.994523632735,4401.094213495721,9535.46626973182,14422.6392390236,1.342410588390638
398.4138061849448,212.3686147972051,1258.856787035682,2135.048735860892,4404.04551677498,9528.179981235258,14422.32288850173,1.334402516385913
410.9531930393933,215.6493429071877,1259.711259755396,2129.189998299236,4407.137611718003,9520.96973478751,14422.15651627692,1.32471899883717
424.0224332530124,218.9655936545172,1260.536440907537,2123.420722018553,4410.369322386031,9513.837890810019,14422.14002518175,1.313390688787011
437.5189928056814,222.3154432472612,1261.332413595165,2117.743081361123,4413.73943909833,9506.786753216109,14422.27329230498,1.300457137113897
451.3361017550125,225.6970790978762,1262.099291563337,2112.159037679044,4417.246686227233,9499.818599898368,14422.5563318274,1.286047302499451
465.3649500562333,229.1087904905709,1262.83722013622,2106.671112266272,4420.889702620955,9492.935629534484,14422.98923518809,1.27046511439777
479.4970485563844,232.5489580519117,1263.546376310113,2101.280687713532,4424.667087803367,9486.1400370213,14423.5719531584,1.254262927367618
493.6266527988891,236.0160415363149,1264.226967316071,2095.990401013503,4428.577416537434,9479.433901626051,14424.30415042362,1.238281979672284
507.6531159394455,239.5085655353639,1264.87922654673,2090.802244717723,4432.619179830738,9472.819239643723,14425.18529073558,1.223637155051832
521.4830233747367,243.0251032834803,1265.503405533637,2085.718427647235,4436.790830212354,9466.298047776967,14426.21487499245,1.211626879142984
535.0319709949399,246.5642598704293,1266.099761071536,2080.74061986465,4441.090783208917,9459.872217159958,14427.39259916473,1.203562762761801
548.2258808810975,250.1246576087827,1266.668537959669,2075.870537059632,4445.517448458176,9453.543621167692,14428.71828509145,1.200540077142177
561.001796342729,253.7049271966741,1267.209949985581,2071.110342307754,4450.069293455824,9447.314069951424,14430.19167240735,1.203202561347842
573.3081518845847,257.3037075889198,1267.724163640821,2066.461216851419,4454.74476567164,9441.185397041882,14431.8123011474,1.211574718188565
585.1045620189442,260.9196548484356,1268.21128911728,2061.925625286125,4459.542342575307,9435.159505299704,14433.57961415405,1.225021758392476
596.3612081704537,264.5514569494703,1268.671380801845,2057.505453897566,4464.460528373378,9429.238269333971,14435.4931733127,1.242351239305759
607.0579226382298,268.197849611208,1269.10444600981,2053.203110618178,4469.497830482674,9423.423643113538,14437.55275755767,1.262017303973666
617.1830739248783,271.8576288101989,1269.510458213676,2049.020247512602,4474.652733411597,9417.717601187589,14439.75822837553,1.28235999875292
626.7323516272974,275.529657866304,1269.889370692409,2044.958823996953,4479.923686992691,9412.122138312987,14442.10928633026,1.301818647127175
635.7075348731672,279.2128693013404,1270.241127849881,2041.021044964973,4485.309054657503,9406.63926607737,14444.60535626535,1.319085350587285
644.1153095183491,282.9062629913014,1270.565673193156,2037.208236096973,4490.807206843903,9401.270916070243,14447.24570740041,1.333191923023692
651.9661794014411,286.6089024022853,1270.862954243072,2033.522808927677,4496.416443577544,9396.019060360419,14450.02967534061,1.343539858735019
659.2734986025692,290.3199103558697,1271.132925259217,2029.966547480837,4502.134991827035,9390.885642143458,14452.95674977241,1.349888019520941
666.0526365218366,294.0384652448896,1271.375548777454,2026.541856748361,4507.961009475604,9385.872558962996,14456.02643426494,1.352311224284256
672.3202762703423,297.7637981469973,1271.590796823688,2023.250086752565,4513.892566594494,9380.981707082492,14459.23802138034,1.351139381518927
678.0938391820397,301.4951909231496,1271.778652442956,2020.093061138232,4519.927671288752,9376.214909451732,14462.59051523127,1.346883962198304
683.3910236222819,305.2319751265009,1271.93911193644,2017.072600058684,4526.064257551303,9371.574013413974,14466.08277962685,1.340157558592097
688.2294439676634,308.9735313594572,1272.072187947579,2014.189804841249,4532.300136546301,9367.060793077617,14469.71375644805,1.331593005048836
692.6263549802552,312.7192885983368,1272.17791328842,2011.446637216159,4538.633059119787,9362.676929152705,14473.48252503583,1.32177030551323
696.5984472412778,316.4687229718047,1272.256345169975,2008.844477733697,4545.060746046712,9358.424086896157,14477.38813955678,1.311161164050374
700.1617004324114,320.221355547,1272.307569338169,2006.385404700485,4551.58085333767,9354.303830263765,14481.429411489,1.30010081188016
703.3312827630949,323.9767488354478,1272.331703564078,2004.070213004597,4558.191030014652,9350.317688287512,14485.60486341936,1.288793995354953
706.1214865184812,327.7345019275109,1272.328900004562,2001.900301952935,4564.888857072141,9346.467080391143,14489.91290343142,1.277356299424464
708.5456913613956,331.4942443205478,1272.299346089639,1999.876799681214,4571.671922021892,9342.753325974481,14494.35204332967,1.265884433643007
710.6163485096844,335.255628560009,1272.243263712787,1998.000288631407,4578.537834589649,9339.177728692941,14498.92094001816,1.254541444261287
712.3449801294771,339.0183217680465,1272.16090651206,1996.271921576618,4585.48420277633,9335.741451039685,14503.61822586162,1.243636794351311
713.7421892271847,342.7819960837002,1272.052554918854,1994.692368519994,4592.508629129465,9332.44558298171,14508.44231423509,1.233678238217313
714.8176760934957,346.5463181410041,1271.918508522746,1993.263042094813,4599.608763849678,9329.291122655539,14513.39139487652,1.22537364856874
715.5802581550066,350.3109381122421,1271.759075377069,1991.983965333339,4606.782266892379,9326.278992862952,14518.46363746478,1.219568059119177
716.0378911452124,354.0754795454226,1271.574558397749,1990.855942304369,4614.026874290165,9323.410120080734,14523.65740664749,1.217115706898485
716.1976908883192,357.8395319538378,1271.365240060327,1989.879371091937,4621.34032568064,9320.685330670049,14528.97127808552,1.218707913873758
716.0659564266548,361.6026483268889,1271.13136784175,1989.054436198845,4628.720350874815,9318.105471340476,14534.40384863368,1.22469884615875
715.6481961021457,365.3643489242281,1270.873143532174,1988.381714207921,4636.164718235826,9315.671414028604,14539.9535414936,1.234980934047996
714.9491579531857,369.1241309495521,1270.590718943643,1987.861575982997,4643.671193285117,9313.384020957328,14545.61860658724,1.248950381918589
713.9728644546614,372.8814818078906,1270.28419868579,1987.49522654675,4651.23753236233,9311.244196197562,14551.39730767906,1.265572961210404
712.7226500114078,376.6358927062146,1269.953648501933,1987.282502767807,4658.861469773341,9309.252778331918,14557.28808971016,1.283526731989016
711.2011986832703,380.3868698125307,1269.599106327992,1987.224142278004,4666.540696468053,9307.410636015833,14563.289538313,1.3013790056663
709.4105797669632,384.1339415725881,1269.220593242184,1987.320301438419,4674.272899136286,9305.718630671916,14569.40015985131,1.317755993165982
707.3522797585789,387.8766622258723,1268.818122434151,1987.571133029484,4682.055777661495,9304.177539523072,14575.61819886382,1.331478337114219
705.0272302695917,391.6146124728548,1268.391705509938,1987.976817635305,4689.886958865837,9302.788140286615,14581.94167444917,1.34165277234313
702.4358322566427,395.3473985327953,1267.941356350753,1988.537456120611,4697.764074209165,9301.55113438781,14588.36859339967,1.347721999263563
699.5779773537088,399.0746507067551,1267.467093220319,1989.253845392595,4705.684720671943,9300.467219614768,14594.89711672831,1.349479842038055
696.4530672587034,402.7960222703348,1266.968939963955,1990.125365621528,4713.646496236792,9299.537037894812,14601.52550619395,1.347058776247826
693.0600321571809,406.5111892141658,1266.446927108783,1991.152261044935,4721.646985628109,9298.76111126629,14608.25190590944,1.340894652413672
689.3973491510014,410.219851071669,1265.901093556682,1992.334012330586,4729.683718027793,9298.139960415047,14615.07418527031,1.331671109974541
685.4630616255874,413.9217328071792,1265.331489389336,1993.670294831536,4737.754163555222,9297.674008083643,14621.99000478082,1.320245243004206
681.2548004163316,417.6165874562797,1264.738180060284,1995.160480007956,4745.85578638405,9297.363612175986,14628.99703509771,1.307557397498145
676.7698074888891,421.3041989173011,1264.121251905308,1996.804061301412,4753.985973479276,9297.209047237771,14636.09310018967,1.294531701931587
672.0049626215839,424.9843840467005,1263.480818471736,1998.60110237218,4762.142068568747,9297.210466344412,14643.27609569653,1.281979155588571
666.9568133277596,428.6569931185051,1262.81702673888,2000.550327046701,4770.321363821618,9297.368008020694,14650.54376799382,1.270519611803865
661.6216081123586,432.3219078715624,1262.130062036827,2002.651266172059,4778.521112512177,9297.681663998685,14657.89358724301,1.260539751394046
655.9953332743297,435.9790368005238,1261.420150522194,2004.902584858406,4786.738620754498,9298.151314235634,14665.32285255262,1.252198798554779
650.0737539228859,439.6283079165593,1260.687558466267,2007.303341647932,4794.971206874895,9298.776754115479,14672.82893010935,1.245482521600909
643.8524605993363,443.2696596858653,1259.932588201091,2009.852003036713,4803.216216216949,9299.557650219173,14680.40938891188,1.240292440814294
637.3269236969165,446.9030310678243,1259.155571098218,2012.547404970549,4811.471060459895,9300.493635633367,14688.06190756537,1.236546240283553
630.4925585726747,450.5283515106389,1258.356858235576,2015.388843394357,4819.733231349319,9301.584209231138,14695.78406264251,1.234261150824643
623.3448048166655,454.145531580988,1257.536809445039,2018.374489128085,4828.000301085919,9302.828820619667,14703.57323205684,1.233595730475068
615.8792237213679,457.7544548087363,1256.695781402212,2021.503286133896,4836.269943242208,9304.226931741736,14711.42672478111,1.234835769631584
608.0916187867962,461.3549714069954,1255.8341155214,2024.773358930028,4844.539844399319,9305.777939798258,14719.34201093872,1.238324584818287
599.9781852327786,464.946894677206,1254.952126709698,2028.183477475965,4852.807792463028,9307.481264112479,14727.31681724311,1.244353684135763
591.5356959018332,468.5300008821673,1254.050094344645,2031.731642373565,4861.071625774995,9309.336271780148,14735.34898907511,1.253042579932066
582.7617323624355,472.1040329541564,1253.128256853164,2035.416521130262,4869.329196936937,9311.342346581196,14743.43625726145,1.26424153267589
573.6549711637279,475.6687076217504,1252.186810752447,2039.237131918745,4877.578349334576,9313.498905561442,14751.57614341702,1.277484978499505
564.2155359384054,479.2237247013393,1251.22591404839,2043.191632665716,4885.816890495434,9315.805278739846,14759.76609052051,1.292007769438715
554.4454265742411,482.7687768271549,1250.245692878816,2047.278816919191,4894.042591561772,9318.260817932915,14768.0036714025,1.306817748004138
544.3490372695159,486.3035580128658,1249.246249695767,2051.49668456923,4902.25323009511,9320.864836727711,14776.28664669658,1.320804609793306
533.9337760583318,489.8277700357598,1248.22767130413,2055.843978890733,4910.446521759973,9323.61662790227,14784.6128030419,1.332860887987734
523.210799059838,493.3411263853705,1247.190035572727,2060.318422979693,4918.620153562009,9326.515463024694,14792.97973247599,1.341995095049348
512.1958726316852,496.8433541245579,1246.133416300709,2064.918559750162,4926.771829724772,9329.560493052013,14801.3847784807,1.347425074435114
500.9103749179357,500.3341943468672,1245.057886300329,2069.643051320208,4934.89924044937,9332.75087706975,14809.82520281917,1.348647028936037
489.3824439322923,503.8134020109248,1243.963519141437,2074.489924402061,4943.000116625593,9336.085701330805,14818.29840010333,1.345480138142038
477.6482710637155,507.2807458865886,1242.850390209228,2079.457593763714,4951.07216722377,9339.563965421217,14826.80193739123,1.338087849718894
465.7535252134469,510.7360092379066,1241.71857781676,2084.543732237682,4959.113093411196,9343.184626181825,14835.33337809678,1.326975705021744
453.7548718590947,514.1789917207172,1240.568165132274,2089.746786697163,4967.120625953948,9346.946528716238,14843.89007227195,1.312963283419204
441.7215212208846,517.6095127597317,1239.399243621446,2095.06399663288,4975.092513830511,9350.848521372975,14852.46913012887,1.29712609926003
429.7366986320461,521.0274163327458,1238.211918500922,2100.493545890085,4983.02647151877,9354.889351269281,14861.06760487703,1.280703879914889
417.8988774706556,524.4325765903602,1237.006316258167,2106.033517451721,4990.92022607409,9359.067646946321,14869.68269464677,1.264976388678017
406.3225523093259,527.824903137384,1235.782593573557,2111.681622415103,4998.771455873182,9363.38199198217,14878.31175523638,1.25111756822868
395.1382635736385,531.2043443178567,1234.540946116771,2117.435678746841,5006.577872782087,9367.830831409588,14886.95211521217,1.240051216632209
384.4915285072904,534.5708868230323,1233.281615048644,2123.292880247022,5014.33719351727,9372.412547434365,14895.60089393147,1.232340802557965
374.5403096609139,537.9245506321511,1232.004889109506,2129.251191455952,5022.047118087103,9377.125383814837,14904.25502412643,1.228144722219007
365.4506938485083,541.2653795701021,1230.711101128521,2135.307303590743,5029.705391930081,9381.967482422566,14912.9114712482,1.227252453966562
357.390597826206,544.5934290550263,1229.400619309738,2141.459004990701,5037.309838796966,9386.936997992112,14921.56743834996,1.22919166380308
350.5215882423606,547.9087532564218,1228.073834991172,2147.703888944382,5044.85836010919,9392.031992680271,14930.22035940965,1.233373498134977
344.9892967215563,551.2113936430927,1226.731149112685,2154.039585807104,5052.348962743332,9397.250529281433,14938.86770047438,1.239233943548474
340.9133633345536,554.5013700786681,1225.372959305627,2160.463665417029,5059.779713963989,9402.590649514459,14947.5067833002,1.246335544795582
338.3782239075734,557.7786747693214,1223.99964875994,2166.973365246864,5067.148755763912,9408.050390830398,14956.1348177468,1.254410105936493
337.4262016902678,561.0432688598826,1222.611577339244,2173.566727344254,5074.454355258383,9413.627849794804,14964.74910830141,1.263341186877899
338.0541412690858,564.2950813529923,1221.209075058698,2180.240584657291,5081.694808697905,9419.321047424386,14973.3472149233,1.273099791494266
340.2142266729024,567.5340101049973,1219.792437972127,2186.992955199217,5088.868471547785,9425.128039052614,14981.9268936823,1.283655509911987
343.8188150595279,570.7599247086865,1218.361926532957,2193.821542343054,5095.973715516009,9431.04690010593,14990.48586909502,1.294888185283383
348.7483582034801,573.9726709859406,1216.917766411909,2200.724387102126,5103.008934222655,9437.075689676301,14999.02166460995,1.306522216794372
354.8610196720384,577.1720766074972,1215.460151515393,2207.699158007653,5109.972546656429,9443.212502237582,15007.53165693861,1.318097942074758
362.0025306341793,580.3579571573972,1213.989248635788,2214.743363602338,5116.862963059826,9449.455354734988,15016.01328915766,1.328984439092874
370.0151004321323,583.5301218958504,1212.505202929599,2221.855142391326,5123.678519129924,9455.802295166553,15024.4642134174,1.338428663348573
378.7446466431052,586.6883785985939,1211.008143375051,2229.031434516629,5130.417558569191,9462.25135818486,15032.88220996864,1.345629749434801
388.0460645032951,589.8325371182185,1209.498187520588,2236.270279926278,5137.07838308608,9468.800487943987,15041.26496287276,1.349825549972948
397.7866071162167,592.9624116270652,1207.975445127854,2243.569262807621,5143.6592889034,9475.447624551085,15049.60992419548,1.350380193988716
407.84765856535,596.0778217773213,1206.440020640389,2250.926553757616,5150.158560124651,9482.190625688509,15057.91440705742,1.346864702907005
418.1252671053584,599.1785932144287,1204.89201470433,2258.339655724489,5156.574448652648,9489.027358693183,15066.17581175311,1.339125589617486
428.5298033459524,602.2645580108108,1203.331525207931,2265.806130267023,5162.905244845103,9495.955648173476,15074.39174995605,1.327337620563832
438.9850582298233,605.3355556686798,1201.7586485011,2273.3239862146,5169.149277028569,9502.973218297582,15082.55993827124,1.3120360811054
449.4270276281474,608.3914353729931,1200.173481609289,2280.890163088681,5175.304867316165,9510.07781636762,15090.67797052497,1.294121257534501
459.8025629481655,611.4320601081351,1198.576126327456,2288.502574804642,5181.370354367205,9517.26710515499,15098.74320473357,1.274824637164618
470.0680092250462,614.4573129732348,1196.966695948957,2296.158609639397,5187.344099488669,9524.538695630332,15106.75288135564,1.255624973374709
480.1879065051891,617.4671054071619,1195.34532486342,2303.856447764013,5193.224481005213,9531.89011282323,15114.70435184327,1.238106615189441
490.1337963674265,620.4613860360059,1193.712180208792,2311.593323489817,5199.009957703399,9539.3187618375,15122.59518450512,1.223766047023497
499.8831514384778,623.440147759366,1192.06747334033,2319.366727016494,5204.698980080632,9546.822051938985,15130.42304759876,1.213795235499823
509.4184300776308,626.4034301669618,1190.411467742357,2327.174363690875,5210.290060875974,9554.397277453876,15138.18550484961,1.208893468539229
518.7262497259196,629.351315157926,1188.744480124029,2335.013076103065,5215.781790418338,9562.041686980832,15145.87995390675,1.209166484900081
527.7966692386245,632.2839157788932,1187.066873292792,2342.880530018082,5221.17283512096,9569.752530542752,15153.50379006365,1.21415012163746
536.6225706140642,635.2013607590894,1185.379042234563,2350.773940860621,5226.461927646853,9577.527035485798,15161.0546419345,1.222951453762227
545.1991313893467,638.1037785159252,1183.681396995936,2358.691584612896,5231.647864287849,9585.362509513552,15168.53044552086,1.234458275363977
553.5233790474999,640.9912838847988,1181.974346285586,2366.630709497879,5236.729464562271,9593.256222023245,15175.92928514329,1.247551436600614
561.5938180724871,643.8639691422023,1180.258284407188,2374.589143169254,5241.705657015143,9601.205482213172,15183.24916467458,1.261267549531211
569.410119657838,646.7218992191623,1178.533582343415,2382.564797997614,5246.575414979393,9609.207679931551,15190.48794016002,1.27488731208637
576.9728641773063,649.5651100775252,1176.800582514344,2390.555058284496,5251.337738000194,9617.260196759287,15197.6434738615,1.287950382609881
584.2833274032103,652.3936090801633,1175.059596234447,2398.557929990111,5255.991678573278,9625.360486012076,15204.71383889395,1.300213336819529
591.3433027657518,655.2073764873668,1173.310902977016,2406.571051878607,5260.536310849992,9633.5059828515,15211.6973508998,1.311573179944898
598.1549533060523,658.0063676044314,1171.554750871698,2414.59321402839,5264.970768706414,9641.694177032352,15218.59238434362,1.321978783402052
604.7206881484653,660.7905153854022,1169.791358148538,2422.622021873762,5269.294215025399,9649.922618592342,15225.39715589444,1.331349455294728
611.0430592191069,663.5597334066838,1168.020915384345,2430.655785638128,5273.505797231453,9658.18879039537,15232.10969304716,1.339515099234965
617.124674589081,666.3139190973277,1166.243588403337,2438.692611978254,5277.604679915074,9666.490216415146,15238.7280151811,1.346186707061676
622.9681252987111,669.0529570278619,1164.459521597914,2446.730312250575,5281.590069996632,9674.824395134512,15245.25033481873,1.350959929847697
628.5759229104134,671.7767219945125,1162.668841349364,2454.766962878261,5285.461146766858,9683.188831907695,15251.67506712434,1.353349127667372
633.9504454086837,674.4850816399679,1160.871659206015,2462.80034012999,5289.217109033817,9691.58104093723,15258.00063595032,1.352845539654743
639.0938894465186,677.1778984361141,1159.068074544538,2470.829346476602,5292.8570942202,9699.998455961817,15264.2252773348,1.348991466122186
644.0082273284215,679.8550310012045,1157.258176589866,2478.851616120979,5296.380234993439,9708.438572181294,15270.3470444612,1.341462293452092
648.6951675090424,682.5163349076428,1155.442045874952,2486.865573829537,5299.785670229497,9716.898859993644,15276.36400928298,1.330148887789099
653.1561177665172,685.1616633388857,1153.619755460113,2494.869203724747,5303.07251304853,9725.376753652869,15282.2744511441,1.315233152334555
657.3921505836612,687.7908681648894,1151.791372488486,2502.860484224914,5306.239851690395,9733.869680255482,15288.07683635184,1.297248345738265
661.4039706362187,690.4038022036756,1149.956960906476,2510.837320192528,5309.286801012142,9742.374983374719,15293.76960908963,1.277112599526589
665.191884602177,693.0003235518649,1148.116586353502,2518.797473648457,5312.212478397131,9750.890039697093,15299.35101115835,1.256119572725962
668.7557736364331,695.5803027406812,1146.270324151816,2526.739766044499,5315.016065378722,9759.412149922575,15304.81911924966,1.235866952729098
672.0950685557508,698.1436328658474,1144.4182707307,2534.661783555136,5317.696770450103,9767.938539861472,15310.17206617713,1.218106821609532
675.2087267935959,700.6902415759063,1142.560557472649,2542.561942561463,5320.253821604986,9776.466445578368,15315.40822507255,1.204518367728231
678.0952085594428,703.2201021119901,1140.697364061015,2550.438040994344,5322.686564213811,9784.993040511748,15320.526179866,1.196435289419851
680.7524481072358,705.7332393990098,1138.828926906726,2558.288183593575,5324.994435741132,9793.515534118582,15325.52453054998,1.194596627170652
683.1778158971335,708.2297277796189,1136.955538593455,2566.110109990718,5327.176988021252,9802.031100940914,15330.40175509789,1.199005105793906
685.3680695506079,710.7096797805947,1135.077537142818,2573.901683386756,5329.233872814571,9810.536930553406,15335.15628778663,1.20894895456021
687.3192949777813,713.1732288884683,1133.195287889357,2581.661785864551,5331.164820514674,9819.030335885986,15339.78674379119,1.223179417787424
689.0268417028882,715.6205113303948,1131.309163280026,2589.388295878624,5332.969641961364,9827.5086392152,15344.2920590315,1.240176341771295
690.4852567133773,718.0516511946315,1129.419525545926,2597.079989901567,5334.648227877333,9835.969257241322,15348.67139532932,1.258414670383676
691.6882195434279,720.4667508665518,1127.52671480103,2604.734978326697,5336.200429441985,9844.409659315108,15352.9238978429,1.27656720519521
692.6284793295646,722.8658864763388,1125.631042604439,2612.351988590292,5337.626122506637,9852.827382402114,15357.04854305546,1.29361818496282
693.2977934087746,725.2491068673032,1123.732789585521,2619.929083508933,5338.925170453329,9861.220078501256,15361.04422081015,1.308893658128105
693.6868668930014,727.6164344643691,1121.83220544812,2627.464646078276,5340.097454157659,9869.58536704433,15364.90995356218,1.32202981159577
693.7852932198136,729.9678668489722,1119.929510045719,2634.957852956966,5341.142879030935,9877.920937095321,15368.64501514665,1.332903096358488
693.5814965658526,732.3033783862447,1118.024894770324,2642.407049518746,5342.061338647611,9886.224515376538,15372.24881897077,1.341542878040728
693.0626779950264,734.6229216771392,1116.118523957504,2649.811333680237,5342.852728672226,9894.493833424776,15375.72068622,1.348043027427415
692.2147682263227,736.9264288600992,1114.210536292632,2657.169039588243,5343.517004518959,9902.726676050232,15379.05973149093,1.352485088951466
691.0223909589472,739.2138128803484,1112.301046316511,2664.47929145157,5344.054127224369,9910.920776715408,15382.26498144369,1.354882425406095
689.4688418303052,741.4849688244077,1110.390146115715,2671.740244298077,5344.464075251992,9919.073942497238,15385.3356013215,1.355151522368555
687.5360893576176,743.7397753363008,1108.477907200761,2678.950544206883,5344.746842157501,9927.184010611521,15388.27099192507,1.353113170305738
685.204805670635,745.978096043559,1106.564382483769,2686.109364408793,5344.902407579939,9935.248783215862,15391.07065538384,1.348522714044668
682.4544364988229,748.1997808712513,1104.649608219707,2693.215299734237,5344.930815436621,9943.266104272323,15393.73396824854,1.341125438452063
679.2633217006222,750.4046671412402,1102.7336058061,2700.267494297726,5344.832095969382,9951.233772597046,15396.2600977702,1.330730818964695
675.6088795120496,752.5925804550677,1100.816383456976,2707.264309968391,5344.606254680486,9959.149630508444,15398.64814836553,1.317297753369234
671.4678694505877,754.7633355422486,1098.897937972213,2714.205002779135,5344.253285098017,9967.011497774347,15400.89738650671,1.30102143172384
666.8167501271521,756.916737510296,1096.97825709358,2721.087617880193,5343.773175531224,9974.817122742637,15403.00731059583,1.282410294779391
661.6321486438491,759.0525842268805,1095.057323228593,2727.910829443321,5343.165896588599,9982.564307240242,15404.97749443763,1.262337858713724
655.8914571638599,761.1706708114707,1093.135119524777,2734.673548038386,5342.431441417604,9990.250810329473,15406.80736932039,1.242049381464699
649.5735687971635,763.2707972242306,1091.211639176844,2741.374412995063,5341.569760902939,9997.874398015165,15408.4961765025,1.223100042362383
642.6597581117627,765.352779411621,1089.286898139613,2748.012369647576,5340.5808807594,10005.43280899982,15410.04314868995,1.207205362203314
635.1347002851192,767.4164631354648,1087.360949886462,2754.585669566462,5339.464909082634,10012.92373711547,15411.44774542723,1.196003583199903
626.987606587188,769.4617376453056,1085.433898804772,2761.093541555033,5338.222034327135,10020.34495814506,15412.70971490024,1.190766129782892
618.2134333393178,771.4885447666559,1083.505907441405,2767.533934595515,5336.852557136386,10027.69421866778,15413.82893597139,1.192133094830928
608.8140994824593,773.4968793151967,1081.577193679801,2773.905634049489,5335.356883087109,10034.96931765841,15414.80522007011,1.199966353351297
598.799628491454,775.4867796580561,1079.648017436913,2780.20750773839,5333.735530757085,10042.16814628188,15415.63828807093,1.213379159639463
588.1891173613907,777.4583112398957,1077.71866071316,2786.438623971365,5331.989149491646,10049.28866826926,15416.32794770688,1.230929764781457
577.0114314587271,779.4115483028062,1075.789406962121,2792.598197897564,5330.11843223431,10056.32900673247,15416.87427986834,1.25090370310874
565.3055315868481,781.346558518527,1073.860524668985,2798.684987662705,5328.124089967411,10063.28730865121,15417.27762667364,1.27159288375258
553.1203611247626,783.2633928303677,1071.932257140118,2804.698751208771,5326.006882986635,10070.16181009972,15417.53837660829,1.291507119503597
540.5142573028452,785.1620803826913,1070.004817919511,2810.637945325437,5323.767547714412,10076.95084786458,15417.65675379728,1.309495537313761
527.5538983213737,787.0426271000692,1068.078390006993,2816.501889280852,5321.406839073763,10083.65276560399,15417.63281667392,1.324786245917886
514.312849450962,788.9050162533408,1066.153126995157,2822.289683555098,5318.925456316152,10090.26598036122,15417.46665832756,1.33696580901561
500.8698164543287,790.7492097140324,1064.229154757103,2828.00090400365,5316.324054914315,10096.78888956394,15417.15859380489,1.345920749134467
487.3067444135166,792.5751491106392,1062.306572925933,2833.63491230803,5313.603292917497,10103.21995610607,15416.70913618612,1.351758933631114
473.7069087759087,794.3827565394708,1060.385455892298,2839.19074970151,5310.763839031652,10109.55771442117,15416.11878339562,1.354724068289363
460.1531327147751,796.1719347885343,1058.465853363134,2844.668297890815,5307.806327017658,10115.80066308843,15415.38783577808,1.355113426167853
446.7262351093026,797.9425672126172,1056.547790693216,2850.066170074502,5304.731417550939,10121.94737130516,15414.51643205393,1.353207287020608
433.5037739777403,799.6945174732716,1054.631269252221,2855.383799736389,5301.539750780425,10127.99640789822,15413.50476527686,1.349217503149269
420.5591090773367,801.4276293501548,1052.716267053128,2860.620186373718,5298.232014948765,10133.94637478525,15412.35325264448,1.343261229362098
407.9607712425602,803.1417267651293,1050.802739778575,2865.775110768318,5294.808929119256,10139.79588988988,15411.06248212586,1.335363599589536
395.7720989683839,804.8366140725715,1048.89062224552,2870.847850446639,5291.271189023261,10145.54350118669,15409.6329903667,1.325489958970401
384.0510862148032,806.5120766030685,1046.979830294986,2875.837583948635,5287.619516646602,10151.18782231521,15408.06510327966,1.313604541662638
372.8503788149441,808.1678814485517,1045.070263123481,2880.744135726576,5283.854664237746,10156.72745002683,15406.35900559084,1.29974869073944
362.2173584287075,809.8037785788779,1043.161806205132,2885.566206169774,5279.977400433781,10162.1609711807,15404.51496933259,1.284128056009702
352.1942605165502,811.4195025923956,1041.254335173849,2890.30319833102,5275.98851747567,10167.48698874957,15402.53350622536,1.267194497758061
342.8182842540663,813.0147756944411,1039.347721276828,2894.953917631301,5271.888796580502,10172.70405944612,15400.41529040202,1.249704426417918
334.1216659226549,814.5893127669112,1037.441839133424,2899.518188437296,5267.679006981619,10177.81080706124,15398.16093789962,1.232731586037241
326.1317015932252,816.1428294352336,1035.536577310319,2903.995067566048,5263.359991002309,10182.80581364173,15395.77088186149,1.217611410406975
318.8707184224267,817.6750535584391,1033.631851402461,2908.38374717222,5258.932589005986,10187.6876353934,15393.24548558827,1.205801176423907
312.3560051765186,819.185739332597,1031.727617830275,2912.683840814489,5254.3977043631,10192.45488478161,15390.58529150827,1.19866085061026
306.5997206587695,820.6746814032844,1029.82388490951,2916.894116503938,5249.756303328559,10197.10618105802,15387.79116234093,1.197193376852272
301.6088036023291,822.1417249655954,1027.920717066412,2921.013936986846,5245.009447686763,10201.64025908697,15384.86418084846,1.201816237114441
297.3849105589541,823.5867681188987,1026.018229497357,2925.04208531107,5240.158318623035,10206.05589859532,15381.80541903714,1.21224345104144
293.9244104689161,825.0097552371816,1024.11657394217,2928.978651487116,5235.204189571331,10210.35197225867,15378.61581622987,1.227522961938257
291.2184650607632,826.4106635472796,1022.215919631535,2932.822875398239,5230.148349517416,10214.52751858905,15375.29628428083,1.246213433190824
289.2532203898239,827.7894872880363,1020.316434701062,2936.57445375215,5224.992167512134,10218.58161334499,15371.84791649495,1.266634963953922
288.0101250454715,829.146223625184,1018.418271989513,2940.233303387256,5219.737037463357,10222.51342838223,15368.27206532725,1.287117412949361
287.4663762427515,830.4808626365412,1016.521560559641,2943.798831037722,5214.384374077552,10226.32216798477,15364.57019098223,1.306193343399763
287.5954797836507,831.793381651259,1014.62640216666,2947.270795511773,5208.935605644857,10230.00708823848,15360.74362399369,1.322716317032923
288.3678972781127,833.0837429734546,1012.732870956563,2950.648338949404,5203.39211974214,10233.56753665494,15356.79347878611,1.335910135612803
289.7517461187818,834.3518936404428,1010.841014689366,2953.931942351537,5197.755324308272,10237.00282553888,15352.72080222467,1.345365417499223
291.7135150053044,835.5977660219567,1008.950856240285,2957.121056594112,5192.026630270762,10240.31234036038,15348.52679991891,1.351000576193215
294.2187597462405,836.8212784161834,1007.062394658004,2960.215719237452,5186.207402020582,10243.49550596502,15344.21290364088,1.353000669378208
297.2327494800987,838.0223351490481,1005.175605492395,2963.2158586734,5180.29896212264,10246.55176541812,15339.78060874351,1.351743731222993
300.7210409714109,839.200825972111,1003.290440419011,2966.121189068142,5174.302610340766,10249.48061091706,15335.23124953891,1.34772186746054
304.6499669012184,840.3566247801489,1001.406826403939,2968.931454180641,5168.21960423658,10252.28148070274,15330.56594475952,1.341463831534585
308.9870319499735,841.4895878413242,999.5246647860542,2971.645816097529,5162.051236624928,10254.95387349262,15325.78576867339,1.333466403731234
313.7012171613401,842.5995518491071,997.6438307062036,2974.264735278779,5155.798744972488,10257.49729739836,15320.8919686975,1.324142624496436
318.7631981398353,843.6863321538815,995.7641732822767,2976.787587817088,5149.463369568126,10259.91122435866,15315.8860030019,1.313794656058953
324.1454859733092,844.7497215067666,993.8855168273833,2979.214450490588,5143.046378407583,10262.19516166093,15310.76935922202,1.302616917398573
329.8225015484397,845.789489565256,992.0076632735268,2981.54501549957,5136.549063693591,10264.34857854775,15305.54334451528,1.290730944169818
335.7705944759359,846.8053833169566,990.13039585455,2983.779098550495,5129.972742030943,10266.37099733817,15300.20906819332,1.278247694389303
341.9680175493079,847.7971285378778,988.2534840743949,2985.916229675347,5123.318762497326,10268.26192240776,15294.76764045361,1.265346766701946
348.394866866325,848.7644324640194,986.3766900519004,2987.955483470906,5116.588480879072,10270.02080331251,15289.22038716931,1.252356288798898
355.0329966636449,849.7069880134959,984.4997764291795,2989.897130261984,5109.783347602668,10271.64714352884,15283.56886656074,1.239812991583562
361.8659166195279,850.6244800588606,982.622516013746,2991.740435509579,5102.904872066954,10273.14041819807,15277.81468060598,1.22848032953821
368.8786778078882,851.516594229821,980.7447030088352,2993.485458389836,5095.95458986577,10274.50014056068,15271.95928949169,1.219305416246109
376.0577515546014,852.3830282970363,978.8661649500955,2995.13169680367,5088.934114431797,10275.72583883155,15266.00403418678,1.213305857591229
383.3909032353178,853.2235052337021,976.9867734314569,2996.679158273982,5081.845099064279,10276.81706786635,15259.95035599268,1.211397013534345
390.8670610114424,854.0377858077813,975.106450879001,2998.127327884075,5074.68928127973,10277.77352860037,15253.79999318769,1.214195355673356
398.4761784071983,854.8256777164107,973.2251707831707,2999.475485680225,5067.468450830587,10278.59495838624,15247.55495422646,1.221853046126147
406.2090900871698,855.5870386432122,971.3429503647524,3000.72399442459,5060.184407856362,10279.28119308931,15241.21729187892,1.233977936753522
414.0573619172591,856.321772384172,969.4598371064894,3001.872443697171,5052.838979644322,10279.83216521209,15234.78890395128,1.249666326810032
422.0131381337441,857.0298194945311,967.5758925729527,3002.921268736765,5045.434055496145,10280.24787009234,15228.27155287762,1.267635469543897
430.0689889155059,857.7111454399401,965.6911773301102,3003.870226617783,5037.971506480132,10280.52842439986,15221.66706762033,1.286411746133246
438.2177605689299,858.3657292907766,963.8057395761535,3004.719881976555,5030.453237538765,10280.67393722758,15214.97750131593,1.304523219933569
446.452428659035,858.9935549227857,961.919608276552,3005.469986559767,5022.881117573107,10280.68458359908,15208.20506766554,1.320658904135489
454.7659527423589,859.5946053326851,960.0327901532469,3006.120246530507,5015.257026695692,10280.56061225991,15201.35191210191,1.333778041528738
463.1511303896938,860.1688596822694,958.1452692100473,3006.671137243703,5007.582881575842,10280.30227550335,15194.4199502128,1.343169443467016
471.6004479039352,860.7162922186452,956.2570074474795,3007.122544955612,4999.860589292219,10279.90988740945,15187.41093833192,1.348469350518983
480.1059252765521,861.2368721476628,954.3679457141479,3007.47507151131,4992.092037480248,10279.3837318861,15180.32670246302,1.349647860547605
488.6589532487448,861.7305636641964,952.4780040144611,3007.728525744126,4984.279126438282,10278.72414182724,15173.16928702879,1.346972031816984
497.2501207344374,862.197325531833,950.5870809355608,3007.883717471742,4976.423735500586,10277.93148847843,15165.94086876456,1.34095111082611
505.869031310881,862.6371098037662,948.6950521546022,3007.94040299033,4968.527747873013,10277.0060917338,15158.64352390805,1.332267660001251
514.504108033378,863.0498594874699,946.8017682579598,3007.89847126131,4960.593009850282,10275.94831752509,15151.27908951854,1.321698447260693
523.1423865423857,863.435505195018,944.9070523527832,3007.758245692681,4952.621279615983,10274.75851542988,15143.84926152446,1.310030856262242
531.7692973492123,863.7939610876127,943.0106981516128,3007.519727406929,4944.614322227903,10273.43706369691,15136.35582726844,1.297983602599895
540.3684393332235,864.1251206777421,941.11246930371,3007.183442670892,4936.573869434525,10271.98434458425,15128.80079138963,1.286143264617912
548.9213478725467,864.4288532213891,939.2121006698336,3006.749084681942,4928.501646328969,10270.40067225619,15121.18626707933,1.274928659476595
557.4072627009666,864.7050014425073,937.3093019733764,3006.217440209467,4920.399375657488,10268.68641021329,15113.51425045997,1.264591839607877
565.802902633765,864.9533811630769,935.4037638765218,3005.588060021879,4912.268794468026,10266.84188882503,15105.78651992126,1.255257211230985
574.0822568832268,865.1737831303873,933.4951661585413,3004.860777908276,4904.111689545273,10264.86742481968,15098.00477455654,1.246990600906153
582.2164059188132,865.365977062446,931.5831874365514,3004.035519064482,4895.92994968347,10262.76334538175,15090.17087907208,1.23988096279203
590.1733887129316,865.5297177732812,929.667515791385,3003.112228957531,4887.725480185402,10260.52995650338,15082.28697247872,1.234111812608767
597.9181375135049,865.6647531914488,927.7478596457988,3002.091200160597,4879.500282675608,10258.16766361866,15074.35533920684,1.229999345768817
605.4125054887056,865.7708340306688,925.8239581405884,3000.972026046165,4871.25643908912,10255.67688318346,15066.37818658976,1.227980251566493
612.615415940062,865.8477246527007,923.8955899943609,2999.755506871548,4862.996120866394,10253.05807541922,15058.3575671299,1.228544135927702
619.483163345243,865.8952142130505,921.9625795280252,2998.441238767222,4854.721595568419,10250.31180334086,15050.29553008043,1.23212148002689
625.9698952439378,865.9131266454629,920.0247984821067,2997.029331487454,4846.435157931322,10247.43867824404,15042.19434364982,1.238954078287852
632.028298846494,865.9013277711656,918.0821627585898,2995.519752635261,4838.139120350497,10244.43943566612,15034.05655098997,1.248984425691978
637.6105061402008,865.8597281594111,916.1346243076782,2993.912912077055,4829.835836474958,10241.31484295739,15025.88479093777,1.261797582649568
642.6692152611505,865.788281346665,914.1821596505115,2992.209378414793,4821.527637294084,10238.06573798115,15017.68155607411,1.276633011261627
647.1590037188997,865.6869782397234,912.224757349246,2990.409200706925,4813.216810349095,10234.69307890554,15009.44912393569,1.292461680471549
651.0377819071225,865.5558393965364,910.2624067000994,2988.513578593594,4804.905614644492,10231.19783613047,15001.18971871,1.308105931560067
654.2683065391291,865.3949070482822,908.2950891404255,2986.522518836837,4796.596243033898,10227.58105081914,14992.90572321231,1.32237315677
656.8196485935567,865.2042382785835,906.3227728050323,2984.436568768516,4788.29092200517,10223.84377208858,14984.59971261564,1.334178875623205
658.6684954014672,864.9839000608819,904.3454098074312,2982.255774312455,4779.991846905048,10219.98708346004,14976.27426927864,1.342644768712017
659.800167192842,864.7339662053985,902.3629353658506,2979.980876469288,4771.70118398643,10216.01212464824,14967.93176885009,1.347166804509745
660.2092475369377,864.4545158389608,900.3752677992577,2977.612450758514,4763.421097643387,10211.91997854806,14959.57435863793,1.347454610705612
659.8997633159166,864.1456328291762,898.3823085388028,2975.150704736496,4755.153765836755,10207.71177132478,14951.20415105436,1.343545338905749
658.8848975025162,863.8074054930489,896.3839415090655,2972.596814600884,4746.901359491238,10203.38863806575,14942.82343062433,1.33579462135256
657.1862683567523,863.4399259297955,894.3800314734198,2969.950874996493,4738.666070201243,10198.95172059511,14934.43465937703,1.324845391523087
654.8328523411026,863.0432883629354,892.3704212109255,2967.213518334123,4730.450027540939,10194.4021918183,14926.04027340485,1.311573820964504
651.8596576832903,862.617585992121,890.3549277273283,2964.384626404687,4722.255371089013,10189.7411683378,14917.64248089905,1.297011731909993
648.3062675200258,862.1629060971169,888.3333381117453,2961.465038919943,4714.084241771281,10184.969813017,14909.24327033658,1.282247624725552
644.2153666205818,861.6793235508949,886.3054060790915,2958.455162918035,4705.938730332026,10180.08927267713,14900.84462164702,1.268314211940026
639.6313478031788,861.1668934602899,884.2708505356911,2955.355250811464,4697.820901913345,10175.10064202485,14892.44870391985,1.256077834702644
634.5990688695828,860.6256442035512,882.229357458945,2952.166276720289,4689.732777215659,10170.0050189019,14884.05786136924,1.246151088030477
629.1628035901407,860.0555724151476,880.1805858456115,2948.888325852668,4681.676370573733,10164.80344739221,14875.67441149386,1.238850016335315
623.3654051142639,859.4566412553271,878.1241775415828,2945.521940400228,4673.65373902814,10159.4970190501,14867.30047763041,1.234208544839597
617.2476797119922,858.8287825996766,876.0597697739569,2942.066734945995,4665.666958027028,10154.08681978843,14858.93804283754,1.232047008863505
610.8479541039546,858.1719028827008,873.9870086000443,2938.523493275676,4657.718124027591,10148.57392634669,14850.58918258071,1.232074970087823
604.2018108368983,857.485891631868,871.9055614870861,2934.892377680441,4649.809438880153,10142.95950896634,14842.25624487048,1.233998284029301
597.3419624238463,856.7706314731425,869.815127705021,2931.173690143425,4641.943152063045,10137.24476305317,14833.94179823549,1.237600519123642
590.2982350043736,856.0260085184678,867.7154458060933,2927.368246511236,4634.121617045075,10131.43096989301,14825.64840400239,1.24277821024743
583.0976346711758,855.2519223133366,865.6062978953441,2923.476340267644,4626.347220467695,10125.51945469332,14817.37844768027,1.249523790266502
575.764473138586,854.4482947065953,863.4875106077402,2919.498679409832,4618.622378481623,10119.511592898,14809.13419805362,1.257864737088718
568.3205332779044,853.6150770507927,861.3589528366855,2915.435038472048,4610.949565513405,10113.4088962357,14800.91802335662,1.26777884725156
560.7852587991019,852.7522551596966,859.2205304766795,2911.286545772084,4603.331291201848,10107.21290222737,14792.73252779234,1.279111015581525
553.1759558802415,851.8598515989885,857.0721788037329,2907.053598764431,4595.770027036136,10100.92522727789,14784.58045364486,1.291515120855884
545.5079977931539,850.9379252367322,854.9138535062968,2902.736999535207,4588.268234378696,10094.54754948818,14776.4644372829,1.304436261931109
537.7950264699657,849.986568448188,852.7455215959989,2898.337772793528,4580.828306052504,10088.08158353477,14768.38686059603,1.317136741069393
530.0491473690768,849.0059027701332,850.5671533332211,2893.85674695275,4573.452597330403,10081.52912361062,14760.34994218228,1.328758261824728
522.2811158209685,847.9960739752353,848.3787159201281,2889.294958450894,4566.143419035313,10074.89192383136,14752.35596646584,1.338406337489021
514.5005142549031,846.9572474482187,846.1801691996229,2884.652470595756,4558.90296650952,10068.17177011085,14744.40740832678,1.345241901308067
506.7159204304236,845.8896044714882,843.9714631328633,2879.930671761064,4551.733391040695,10061.37047834705,14736.50682164222,1.348568107183086
498.93506718014,844.793339690804,841.752536517617,2875.130078940656,4544.63680521953,10054.48984599503,14728.65660663983,1.347904756073136
491.1649943532981,843.6686597238489,839.5233162680847,2870.251762477123,4537.615290811726,10047.53170819181,14720.85889748122,1.343046483090431
483.412193718556,842.5157826292862,837.2837165626338,2865.296666037332,4530.670905636924,10040.49785977079,14713.11568685571,1.334102635648307
475.6827475711501,841.3349377585821,835.0336372358171,2860.265852551493,4523.80566965896,10033.39013638528,14705.42905764738,1.321516503311202
467.9824616986616,840.1263653425489,832.7729609343598,2855.160339320732,4517.021554107688,10026.21039240333,14697.80128037202,1.306059782985398
460.3169932045886,838.8903150189728,830.5015488061756,2849.980217881045,4510.320569051129,10018.96042209899,14690.23467408595,1.288796026394279
452.6919735327236,837.6270424433902,828.2192349085814,2844.726793315283,4503.704669697311,10011.64203554801,14682.73137481193,1.271006126992474
445.1131270214108,836.3368032694833,825.925820144661,2839.400458367498,4497.175796311341,10004.25699315804,14675.29325265055,1.254072052583922
437.5863856549058,835.0198442984672,823.621067281834,2834.002272405325,4490.735864800228,9996.807054944724,14667.92206793002,1.239324128575821
430.1180015304562,833.67639254193,821.3046991745231,2828.53285906187,4484.386782535557,9989.293955996869,14660.6197117741,1.227871932455026
422.7146598177113,832.3066440989486,818.976402226,2822.993287355258,4478.130483740246,9981.719364068835,14653.38829333555,1.220454110854456
415.3835961157187,830.9107555423702,816.6358360282544,2817.384336458482,4471.968910431144,9974.085001372063,14646.22999757325,1.217348412877315
408.1327223325283,829.4888402975807,814.282648223412,2811.706019513708,4465.903971470551,9966.392583187011,14639.14687700517,1.218371457408122
400.970764087381,828.0409711308837,811.9164918274474,2805.959426831085,4459.937618570631,9958.643855950153,14632.14080687928,1.222969635390975
393.9074105610339,826.5671879850722,809.5370415606008,2800.144870505215,4454.071826308678,9950.840614111585,14625.21366032411,1.230371593481331
386.9534756948952,825.0675090184866,807.1440064560982,2794.263488706531,4448.308578490132,9942.98467621739,14618.36752518723,1.239755276903895
380.1210684628753,823.5419424132118,804.7371375691528,2788.31584360437,4442.649887679829,9935.077985200409,14611.60473578041,1.250385305634238
373.4237696593423,821.9904971437732,802.3162310482304,2782.303350047703,4437.097728720902,9927.122514326687,14604.92767884534,1.261693757812359
366.8768127236804,820.4131918312394,799.8811275957977,2776.226985235292,4431.654112222463,9919.12029676755,14598.33856459036,1.273298238385798
360.4972659539904,818.8100615327301,797.4317094390608,2770.087222479402,4426.32105580911,9911.073459450276,14591.83938714614,1.284967384809058
354.3042127274402,817.181162652983,794.9678956721729,2763.885399861804,4421.100542678223,9902.984167705863,14585.43210279283,1.296553110529246
348.3189250245446,815.5265762019765,792.4896365422856,2757.622241912482,4415.994515767033,9894.854681576944,14579.11882817562,1.307911704776493
342.565023797155,813.846409545302,789.9969070997278,2751.299298680435,4411.004896593822,9886.687254758963,14572.90184227287,1.318834016847703
337.0686177051203,812.1407967516019,787.4897006224935,2744.917355122685,4406.133546657639,9878.48416940842,14566.78338050217,1.328999778509638
331.8584096184722,810.4098976937004,784.9680222676914,2738.478274569664,4401.382325934143,9870.24776810789,14560.76542780228,1.337964056331704
326.9657581492745,808.6538961821285,782.4318833965617,2731.983245240192,4396.752988280815,9861.980362055512,14554.84971966266,1.345176526312029
322.4246794655531,806.8729975328438,779.8812969121091,2725.433145902121,4392.247212735944,9853.684292178224,14549.03794697464,1.350028394619026
318.2717729642249,805.0674260313551,777.3162737508829,2718.829378501753,4387.866623202939,9845.361874762404,14543.33194977273,1.35191844413729
314.5460533978795,803.2374227255616,774.736820435429,2712.172918245169,4383.612753846825,9837.015443633829,14537.73369857149,1.350328961735662
311.2886722592414,801.3832438689342,772.142937376982,2705.465474666201,4379.487050358965,9828.64736659184,14532.24508239179,1.344903368433509
308.5425132001249,799.5051601701285,769.5346174526765,2698.707880041393,4375.490860792396,9820.25994530315,14526.86772393477,1.335518949036745
306.3516505269811,797.6034568030195,766.9118442795476,2691.902205000471,4371.625429171101,9811.85550383652,14521.60301340359,1.322348932903036
304.7606667015962,795.6784338917478,764.274589577282,2685.049669651303,4367.891966930902,9803.436343243691,14516.45232580643,1.305907494602092
303.8138342498031,793.7304068963333,761.6228090832534,2678.151397633631,4364.291636416658,9795.004742264598,14511.41719545752,1.287068841263889
303.5541790201804,791.7597059923729,758.9564367293488,2671.20866249018,4360.825505336462,9786.562969488608,14506.4992670683,1.267048206279983
304.0224542856158,789.7666732417953,756.2753773182153,2664.222535037087,4357.494626070622,9778.113208897643,14501.70007575854,1.247330511591776
305.2560672328825,787.7516562969316,753.5794988171283,2657.194641606059,4354.299997542775,9769.657663823637,14497.02088903275,1.229535687769498
307.2880091029387,785.714997890707,750.8686264854592,2650.125669937955,4351.242635670891,9761.198501277544,14492.46278320253,1.215222773738451
310.1458455488714,783.6570216868441,748.1425418429378,2643.017588037685,4348.323557103439,9752.737838854062,14488.02688807893,1.205659183542218
313.8508224392081,781.5780169642992,745.4009891340169,2635.871387235296,4345.543770202458,9744.277801123855,14483.71456201842,1.201608928780564
318.4171325226215,779.478226113913,742.6436899146009,2628.688177128723,4342.904312528663,9735.820480762286,14479.52733255982,1.20320595323881
323.8513700810044,777.3578387730153,739.8703633016567,2621.468894076645,4340.406292365044,9727.368044943607,14475.46667837803,1.209959436812439
330.152177212991,775.2169942476854,737.0807470707533,2614.214623803969,4338.050805111744,9718.922683751307,14471.53388710263,1.220890441449442
337.3100627729867,773.0557908627849,734.27461473073,2606.926918212225,4335.838958319669,9710.48661495251,14467.73013756503,1.234750574716114
345.3073591323878,770.8742988715876,731.4517858336334,2599.606573829052,4333.771790644434,9702.062167907665,14464.05671474402,1.250252028575032
354.118275707797,768.6725734401753,728.6121295030563,2592.255782838936,4331.850283061422,9693.651711577031,14460.51512227353,1.266250615751237
363.709011243977,766.450665467625,725.7555629580669,2584.875849693401,4330.075383838065,9685.257701885297,14457.10696053629,1.281853334209155
374.037897198409,764.2086295108743,722.8820472391568,2577.468468362176,4328.44793780157,9676.882618165117,14453.83368169072,1.296449995842477
385.0555601023708,761.9465291128666,719.9915818612008,2570.03487761718,4326.968701023667,9668.528959986837,14450.69646191044,1.309685040616822
396.705109386356,759.6644402355454,717.0841993693838,2562.576770758791,4325.638365401748,9660.199307607674,14447.69631246293,1.321391397711384
408.9223765630303,757.3624534659444,714.1599601671157,2555.096073212354,4324.457554292517,9651.896207637194,14444.83430555108,1.331507628163499
421.6362491675182,755.0406754433903,711.2189476522261,2547.594056671928,4323.426838484202,9643.622223777262,14442.11167455841,1.339996342840787
434.7691554189694,752.6992297277286,708.2612636037895,2540.073243849581,4322.546722527227,9635.37991692735,14439.52967984937,1.346777818149335
448.2377600434793,750.3382571832644,705.2870238076349,2532.535272189088,4321.817590904208,9627.171838307375,14437.08937650512,1.351688295587053
461.9539253060123,747.9579159135757,702.2963539920714,2524.982250863361,4321.239813312838,9619.000575458482,14434.7915226021,1.354467783394561
475.8259723362457,745.5583808267313,699.2893861917762,2517.415490170518,4320.81368013575,9610.868645109684,14432.6367224409,1.354777641021628
489.7602465572937,743.1398429939329,696.2662556305119,2509.836974556773,4320.539413785687,9602.778568604726,14430.62565536322,1.352244419924053
503.6629504307511,740.7025090392169,693.2270981113874,2502.248645042972,4320.417150592438,9594.73285939657,14428.75915348879,1.346523865677422
517.4421627837769,738.2466008267686,690.1720477505254,2494.651949171251,4320.446931424798,9586.733978569562,14427.03804810256,1.337377729393151
531.0099249179957,735.7723556735768,687.1012347210564,2487.049384622006,4320.628715940722,9578.784379641167,14425.46294527743,1.324755605605934
544.284248238773,733.2800271943557,684.0147825264314,2479.442678049798,4320.962398336945,9570.886430705881,14424.03416383284,1.308873507464505
557.1908930404655,730.7698866651757,680.9128042379597,2471.834091906633,4321.44772277503,9563.04249992893,14422.75190141412,1.290279317113464
569.664785854917,728.242224449802,677.795397178736,2464.224845110324,4322.084350377243,9555.254932016602,14421.61645737365,1.269892003780752
581.6509806167008,725.6973505656081,674.6626358256043,2456.617035342772,4322.871870404013,9547.525984222963,14420.62828463152,1.248997078399524
593.1051194031303,723.1355929574964,671.5145633743073,2449.012461889035,4323.809810682059,9539.857899826367,14419.78782210869,1.229177749762199
603.9934019007258,720.5572917634909,668.3511835344401,2441.412628086043,4324.897694404755,9532.252846618772,14419.0952914032,1.212165091417521
614.2921197196353,717.9627882698637,665.1724554386673,2433.819812752765,4326.134995362627,9524.71297592842,14418.55068161136,1.199608031629946
623.9868454922739,715.3524088123579,661.9782952722423,2426.235696748555,4327.521202652862,9517.24040033564,14418.15395503994,1.192797238050093
633.0713839648646,712.7264463935979,658.7685872421779,2418.662505283231,4329.055867382132,9509.837170914869,14417.90527682619,1.192414224221045
641.5465928289574,710.0851449397385,655.5432033904605,2411.101285476144,4330.738579897122,9502.505408085815,14417.8050442362,1.198391573127178
649.4191677011822,707.4286910901072,652.3020278706836,2403.554177146515,4332.56894145189,9495.247249719027,14417.85369205882,1.20993973857289
656.7004640322342,704.7572156492056,649.0449792577737,2396.022895667423,4334.546575813169,9488.064893726578,14418.0514752631,1.22573017003068
663.4054054328095,702.0708030136356,645.7720257487273,2388.509201444226,4336.671055225695,9480.960595313676,14418.39844468462,1.244164894907495
669.5515078120422,699.3695044899233,642.4831916099815,2381.0154436332,4338.941963163137,9473.936628674595,14418.89462586478,1.263645076645864
675.1580334686059,696.6533514572008,639.1785564490773,2373.543715347996,4341.358788373969,9466.995360947301,14419.54019716582,1.282775262043692
680.2452782455179,693.9223659408774,635.8582503011729,2366.096677661826,4343.920902066441,9460.139134658431,14420.33546557469,1.30047944852863
684.8339869999483,691.1765679413597,632.5224472570608,2358.67577928059,4346.627577832504,9453.370285891173,14421.28065137281,1.316035633065984
688.9448872926488,688.415979997981,629.1713593425511,2351.283657591302,4349.47798636583,9446.691162435432,14422.37569573571,1.329049590143121
692.5983280044771,685.6406298850014,625.8052313556481,2343.922342502556,4352.471190943001,9440.104073920485,14423.62028465663,1.339390535641147
695.8140081843056,682.8505522903363,622.4243366987423,2336.594111794647,4355.606168677346,9433.61135411679,14425.0140610674,1.347107920710056
698.6107813925994,680.0457900848751,619.0289739228257,2329.301477296737,4358.88176861313,9427.2152656331,14426.55680303828,1.352344418188229
701.0065216848969,677.2263955177623,615.6194636313725,2322.046935194703,4362.296783970005,9420.918047700567,14428.24838244462,1.3552568939467
703.0180387988299,674.3924314515864,612.1961454661059,2314.833407068489,4365.849973102349,9414.721945543357,14430.0885465672,1.355954707264516
704.6610317811736,671.5439726132506,608.7593750295642,2307.66256930103,4369.539999303008,9408.629122359629,14432.07674921863,1.354462360376429
705.9500720200494,668.6811067881713,605.3095207255258,2300.537252882787,4373.365485809742,9402.641715941318,14434.21220705905,1.350710769191844
706.8986082997266,665.8039359158909,601.846960570929,2293.45952601852,4377.32497734495,9396.761775722991,14436.49412352962,1.344558182792292
707.5189879837695,662.9125771260182,598.3720790249208,2286.431871174788,4381.416985097054,9390.991311102183,14438.92184946917,1.335838394368015
707.8224896998889,660.0071638437795,594.8852637906692,2279.456643186013,4385.63999423109,9385.332306380205,14441.49481569445,1.324430829957284
707.8193639138127,657.0878471478444,591.3869024002081,2272.536431392989,4389.992424811626,9379.786628243044,14444.212310049,1.310344573783988
707.5188785246205,654.154797532782,587.8773782430017,2265.674062306774,4394.47261308537,9374.356120582479,14447.07333292921,1.293806096244674
706.9293670875564,651.208207068729,584.3570656178335,2258.871161827103,4399.07888238661,9369.042558023382,14450.07668505136,1.275337700244908
706.0582774858736,648.2482916203923,580.8263234752756,2252.130401864508,4403.809475375578,9363.847653447117,14453.22120124797,1.255809901610955
704.9122188881674,645.2752922741264,577.285487904868,2245.453609655275,4408.662608732355,9358.773063346312,14456.50589510191,1.236446565935892
703.4970048060624,642.289474511738,573.7348642273445,2238.843171558029,4413.636429876551,9353.82031509787,14459.9298742545,1.218759419806372
701.8176903433555,639.2911232546645,570.1747207411048,2232.301033416655,4418.729044087316,9348.990921652157,14463.4921279216,1.204394409587518
699.878602755801,636.2805322201284,566.6052873073194,2225.829661557259,4423.938598620039,9344.286336520625,14467.19142227152,1.194893258914345
697.6833664483905,633.2579876040047,563.0267620874762,2219.431605404698,4429.263275347698,9339.707965855247,14471.02642805317,1.19141034478902
695.2349259518325,630.2237487670673,559.4393278838975,2213.108412073655,4434.70127398193,9335.257237757336,14474.99595978443,1.194462972366755
692.5355717247847,627.1780309549931,555.8431758308496,2206.862604282784,4440.250840921299,9330.935569264806,14479.09908415339,1.20380334367257
689.5869724323803,624.120995186263,552.238530655085,2200.695973159704,4445.91023749813,9326.744467837672,14483.33498205519,1.218462950457346
686.3902140269769,621.0527477088175,548.6256709467186,2194.611095501855,4451.677740204755,9322.685449648294,14487.70269710936,1.236950689787245
682.9458427146634,617.9733475856242,545.0049404699167,2188.609951327816,4457.55163165611,9318.76001866675,14492.20101451126,1.257529470707528
679.2539077522731,614.8828185150124,541.376750491997,2182.695381598324,4463.53009682783,9314.96972176815,14496.82857729455,1.278484882130733
675.3140011039133,611.7811609245397,537.7415758885253,2176.870168808991,4469.611297589357,9311.316059499266,14501.58410126394,1.298327711755775
671.1252929731543,608.6683618622512,534.099948440605,2171.13630099512,4475.793339903213,9307.80053278463,14506.46645263654,1.315911197848591
666.6865638617236,605.5444018990653,530.4524499248392,2165.496498957169,4482.074273932828,9304.424575247072,14511.47449918771,1.330471649294216
661.9962346486357,602.4092593805079,526.7997063611498,2159.952769160842,4488.452077843232,9301.189563336202,14516.60688603092,1.341612322083727
657.052396401784,599.2629128374061,523.1423837808078,2154.507891238991,4494.924637873653,9298.096885369543,14521.86196741992,1.349250515895065
651.8528415483598,596.1053424049559,519.481185281319,2149.163773767207,4501.489740028962,9295.147828287321,14527.23796642976,1.353543631404498
646.3950978743452,592.9365309393047,515.8168488747189,2143.923344761282,4508.145146075104,9292.343632604752,14532.73319754254,1.354805766731068
640.6764667083706,589.7564653003532,512.1501455907369,2138.789244034959,4514.88851110939,9289.68546359207,14538.34612285973,1.353423957735416
634.6940666100289,586.565138051469,508.4818773754284,2133.763518209473,4521.717426406099,9287.174407703445,14544.07518444434,1.349782291154841
628.4448839413095,583.3625496371192,504.8128744738052,2128.848656423083,4528.629436098341,9284.811518929344,14549.91858838833,1.344201948332095
621.925831866203,580.1487109559276,501.1439921610778,2124.046538074795,4535.622042099432,9282.59771021308,14555.87426586891,1.336904688460625
615.1338196142337,576.9236461676771,497.4761068488016,2119.359785312768,4542.6927575684,9280.533842255256,14561.94005421384,1.328005522633175
608.0658342672211,573.6873955691048,493.8101116948685,2114.789977096874,4549.839063688006,9278.620713690865,14568.11391268836,1.317537083311281
600.7190378735036,570.4400184350052,490.1469118599218,2110.339837239445,4557.058403666505,9276.859024221176,14574.39395345917,1.305503788801063
593.0908833250463,567.1815958090245,486.4874194834245,2106.01159649157,4564.348243290423,9275.249419467218,14580.7782605359,1.291959028720234
585.1792530992699,563.9122332779211,482.8325483536627,2101.807101546892,4571.706069901593,9273.792404621276,14587.26469103609,1.277093865914363
576.9826256185686,560.6320636981363,479.1832082128238,2097.728299972011,4579.129366517615,9272.488436397829,14593.85087230943,1.261321399397851
568.5002745890267,557.3412496001337,475.5402987897529,2093.776659629833,4586.615654922975,9271.337897228363,14600.53440729635,1.245337012457392
559.7325072759937,554.039984558584,471.9047040953531,2089.954289218605,4594.162430723949,9270.341041235024,14607.31308561428,1.230131914622649
550.6809483982786,550.7284922811315,468.2772882648113,2086.262154642142,4601.767258328178,9269.498086759542,14614.18489396835,1.216938093440654
541.34887746845,547.4070218192775,464.6588950784613,2082.702453767199,4609.427737809615,9268.80917199379,14621.14782840194,1.207091545153282
531.7416293515798,544.0758376111199,461.0503536895625,2079.276777767135,4617.141478119624,9268.274441894648,14628.19971575487,1.201821810841695
521.867070693596,540.7352044272287,457.4524922756506,2075.986636247104,4624.906107766123,9267.894027988123,14635.33823847493,1.202007619015495
511.7361680614753,537.3853695057547,453.8661589552465,2072.833408812273,4632.719292053323,9267.668018164588,14642.56114012049,1.207966965345364
501.3636655983543,534.026546082085,450.2922462001968,2069.818305711095,4640.578704344959,9267.596571899947,14649.86639399531,1.219353261679303
490.7688890642281,530.6589026517244,446.7317130487889,2066.943175475999,4648.482060325754,9267.679833360484,14657.2521485573,1.23519559641301
479.9766887886995,527.282560218876,443.1856001996711,2064.20882778639,4656.427024943227,9267.917952217987,14664.71649012341,1.254066102298231
469.0185270683145,523.8975967464021,439.6550360998005,2061.617413152162,4664.411233599764,9268.311057118417,14672.25725090202,1.274314487098953
457.933706429803,520.5040559008131,436.1412354012242,2059.170437530968,4672.432333612463,9268.859213848518,14679.87204502415,1.294301270662469
446.7707227597033,517.1019568403811,432.6454929139522,2056.869572959256,4680.487931953747,9269.56251084144,14687.55848242674,1.312582155886219
435.5887087146526,513.6913027497743,429.1691761550313,2054.716023792599,4688.575624448818,9270.420940470076,14695.31433149402,1.328025588361472
424.458904711735,510.2720871189948,425.7137185675944,2052.710986972867,4696.692967712723,9271.434428492032,14703.13745900456,1.339867482428949
413.4660543735831,506.8442977549403,422.2806143186721,2050.856055591794,4704.837492757501,9272.60285167746,14711.0256107712,1.347716749928517
402.7095672216519,503.4079190430518,418.8714147239425,2049.151759120163,4713.006743139525,9273.925988166504,14718.97626282557,1.35152597100981
392.3042250243173,499.9629331567205,415.4877258577743,2047.59983787695,4721.198251598701,9275.40358435097,14726.98670088216,1.351538340640157
382.3801357924835,496.509320902883,412.1312066913476,2046.201280256409,4729.409471836047,9277.035250823275,14735.05424775863,1.348218557804969
373.0815753230981,493.0470627991234,408.8035670545688,2044.957392880706,4737.63785252565,9278.82052304235,14743.17640504192,1.342173396540415
364.5643258956779,489.576140841477,405.5065647807403,2043.868684317217,4745.880776307644,9280.758899149921,14751.35076346223,1.334067767571211
356.9911623676513,486.0965412477497,402.2420015517856,2042.935848979367,4754.135616269941,9282.849758249553,14759.57477734495,1.324543717670367
350.5252902378583,482.608258248068,399.0117172123186,2042.159757817212,4762.399710601298,9285.09242649261,14767.84563943421,1.314151934798972
345.3218395771532,479.11129876401,395.8175826355725,2041.540316407582,4770.670351094694,9287.486106346889,14776.16039035443,1.303306423036831
341.5179545423471,475.6056876192308,392.6614915363244,2041.078502328715,4778.944841931718,9290.029931396339,14784.51615406299,1.292271630345345
339.2225125133988,472.0914728162872,389.5453518478671,2040.774539217567,4787.220540116588,9292.72297690924,14792.910262284,1.281186738335258
338.5069052732478,468.5687304257061,386.4710773514788,2040.629120459944,4795.494817390097,9295.564161079987,14801.34014705006,1.270124578533697
339.3984283074928,465.0375687322126,383.4405801830655,2040.64188036173,4803.765106797063,9298.552353671774,14809.80312348541,1.259174371877457
341.8775228993927,461.4981313779815,380.4557647415954,2040.812851136326,4812.028883695604,9301.68633833778,14818.29629880883,1.248530238519716
345.8794239793942,457.9505992275384,377.5185235196874,2041.142037728658,4820.28369208921,9304.964846892155,14826.81671400114,1.238562859525187
351.2998890823861,454.3951905026747,374.6307355427307,2041.628669570636,4828.527204194384,9308.386581966204,14835.36158196274,1.229850955753976
358.0039176033891,450.8321584688384,371.7942683639312,2042.272899354818,4836.757134038412,9311.950155015349,14843.92838550785,1.223153585346118
365.8359549674785,447.2617858162684,369.0109846507012,2043.074244668438,4844.971271700091,9315.654219209635,14852.51474100787,1.219315167198375
374.6300861958361,443.6843751773102,366.2827539297654,2044.032873286696,4853.167477296044,9319.497413339077,14861.118173943,1.219113180383786
384.2190606240137,440.100236152272,363.6114687985839,2045.147770430929,4861.343665839348,9323.478361639232,14869.73603825712,1.223080358796858
394.441471983866,436.5096705818098,360.9990631346442,2046.418594844471,4869.497780309812,9327.595718197723,14878.36565732608,1.231349777203174
405.1468773351567,432.9129589129537,358.4475284406371,2047.844852102832,4877.627758457799,9331.848106804524,14887.00452833068,1.243571053705534
416.1989762499774,429.3103505562405,355.9589244687463,2049.42556164826,4885.731462324408,9336.234215829381,14895.6503632612,1.258924453829406
427.4771640333346,425.7020598990417,353.5353819248433,2051.160493971995,4893.806774548441,9340.752699037666,14904.30090759722,1.276226198475781
438.8768430789366,422.0882677752857,351.1790974996157,2053.048945172909,4901.85153395241,9345.40215720488,14912.95371064809,1.29409060881964
450.3088655264195,418.4691267094623,348.8923233985935,2055.090932564917,4909.863551257647,9350.18119889425,14921.60607478617,1.311105596266344
461.6984263930814,414.8447677459578,346.677354194793,2057.285132805103,4917.840620128025,9355.088351156555,14930.25523021158,1.325986749492299
472.9836569296534,411.2153070378222,344.5365133517726,2059.631006958828,4925.780515094122,9360.122115463742,14938.89855155951,1.337691927955379
484.1140998029456,407.5808511219531,342.4721407819414,2062.127610080458,4933.681037263301,9365.280890682752,14947.53359292354,1.345492988621524
495.0491891662803,403.9415005274012,340.4865818604125,2064.773694425803,4941.540020726949,9370.562991722776,14956.15790790767,1.349009568166309
505.75681257818,400.2973518654484,338.5821776520216,2067.568443515636,4949.355273700002,9375.966730413336,14964.76884524604,1.348212075284725
516.2119977638247,396.648498838503,336.7612557349818,2070.510700362638,4957.124623295107,9381.490305804957,14973.36353538877,1.343399649649617
526.3957435829719,392.9950327564019,335.0261208362142,2073.600005847539,4964.845929090832,9387.13187553696,14981.93908475321,1.335156296242856
536.293999011793,389.3370432287604,333.3790444630787,2076.834463349182,4972.517047777556,9392.88952733688,14990.49277781858,1.324286550092849
545.8967843041753,385.6746197285101,331.8222528134168,2080.213033281532,4980.13587483093,9398.761282833186,14999.02207907906,1.311732095495638
555.1974429655339,382.0078546625298,330.3579125098437,2083.734063346506,4987.700254353157,9404.745142679523,15007.52443544458,1.298473401976979
564.1920103816651,378.3368483809024,328.9881141781224,2087.395812486134,4995.208032327833,9410.838962594302,15015.99708810111,1.285425427900054
